;win;ace;age;tourney_id;nb_set;ht;name;surface;tourney_level;classe;minutes;cluster;advers
494;1.0;0.0;33.0485968515;2017-0825;2.0;172.0;Vera Zvonareva;Hard;I;False;68.0;10.0;Pauline Parmentier
495;1.0;0.0;33.0485968515;2017-0825;2.0;172.0;Vera Zvonareva;Hard;I;False;68.0;10.0;Pauline Parmentier
496;1.0;0.0;33.0485968515;2017-0825;2.0;172.0;Vera Zvonareva;Hard;I;False;68.0;10.0;Pauline Parmentier
668;1.0;0.0;33.6290212183;2019-560;2.0;173.0;Shuai Peng;Hard;G;False;103.0;8.0;Varvara Lepchenko
729;0.0;2.0;30.9377138946;2016-W-FC-2016-WG2-M-ESP-SRB-01;2.0;177.0;Jelena Jankovic;Hard;D;False;83.0;6.0;Carla Suarez Navarro
749;0.0;1.0;31.8822724162;2017-580;3.0;177.0;Jelena Jankovic;Hard;G;False;216.0;10.0;Svetlana Kuznetsova
750;0.0;1.0;31.8822724162;2017-580;3.0;177.0;Jelena Jankovic;Hard;G;False;216.0;10.0;Svetlana Kuznetsova
787;0.0;3.0;31.572895277199997;2017-1091;3.0;180.0;Mandy Minella;Grass;I;False;92.0;4.0;Kirsten Flipkens
788;0.0;3.0;31.572895277199997;2017-1091;3.0;180.0;Mandy Minella;Grass;I;False;92.0;4.0;Kirsten Flipkens
792;0.0;1.0;31.151266256;2017-580;2.0;180.0;Mandy Minella;Hard;G;False;80.0;10.0;Elena Vesnina
793;0.0;1.0;31.151266256;2017-580;2.0;180.0;Mandy Minella;Hard;G;False;80.0;10.0;Elena Vesnina
794;0.0;1.0;31.151266256;2017-580;2.0;180.0;Mandy Minella;Hard;G;False;80.0;10.0;Elena Vesnina
1051;0.0;1.0;33.163586584499996;2019-520;2.0;164.0;Barbora Zahlavova Strycova;Clay;G;False;101.0;10.0;Samantha Stosur
1052;0.0;1.0;33.163586584499996;2019-520;2.0;164.0;Barbora Zahlavova Strycova;Clay;G;False;101.0;10.0;Samantha Stosur
1053;0.0;1.0;33.163586584499996;2019-520;2.0;164.0;Barbora Zahlavova Strycova;Clay;G;False;101.0;10.0;Samantha Stosur
1054;0.0;1.0;33.163586584499996;2019-520;2.0;164.0;Barbora Zahlavova Strycova;Clay;G;False;101.0;10.0;Samantha Stosur
1107;0.0;0.0;30.7679671458;2016-0300;2.0;165.0;Kirsten Flipkens;Hard;I;False;89.0;16.0;Monica Niculescu
1113;0.0;1.0;30.288843258000004;2016-1005;2.0;165.0;Kirsten Flipkens;Clay;I;False;87.0;10.0;Pauline Parmentier
1114;0.0;1.0;30.288843258000004;2016-1005;2.0;165.0;Kirsten Flipkens;Clay;I;False;87.0;10.0;Pauline Parmentier
1155;0.0;1.0;30.9979466119;2017-1050;2.0;165.0;Kirsten Flipkens;Hard;I;False;70.0;16.0;Monica Niculescu
1162;0.0;2.0;31.630390143699998;2017-560;2.0;165.0;Kirsten Flipkens;Hard;G;False;101.0;10.0;Elena Vesnina
1272;1.0;0.0;32.0711841205;2016-1082;3.0;172.0;Samantha Stosur;Clay;I;True;175.0;4.0;Barbora Zahlavova Strycova
1317;0.0;2.0;32.3778234086;2016-M024;2.0;172.0;Samantha Stosur;Hard;P;True;119.0;4.0;Barbora Zahlavova Strycova
1456;1.0;5.0;30.2313483915;2016-1005;2.0;175.0;Pauline Parmentier;Clay;I;False;87.0;4.0;Kirsten Flipkens
1457;1.0;5.0;30.2313483915;2016-1005;2.0;175.0;Pauline Parmentier;Clay;I;False;87.0;4.0;Kirsten Flipkens
1458;1.0;5.0;30.2313483915;2016-1005;2.0;175.0;Pauline Parmentier;Clay;I;False;87.0;4.0;Kirsten Flipkens
1467;1.0;2.0;30.3080082136;2016-520;2.0;175.0;Pauline Parmentier;Clay;G;False;122.0;16.0;Monica Niculescu
1484;1.0;3.0;31.7070499658;2017-0300;2.0;175.0;Pauline Parmentier;Hard;I;False;96.0;4.0;Monica Niculescu
1633;0.0;3.0;32.8952772074;2016-M001;3.0;163.0;Roberta Vinci;Hard;P;False;153.0;10.0;Samantha Stosur
1634;0.0;3.0;32.8952772074;2016-M001;3.0;163.0;Roberta Vinci;Hard;P;False;153.0;10.0;Samantha Stosur
1668;0.0;0.0;33.891854893899996;2017-M001;2.0;163.0;Roberta Vinci;Hard;I;True;79.0;4.0;Barbora Zahlavova Strycova
1669;0.0;0.0;33.891854893899996;2017-M001;2.0;163.0;Roberta Vinci;Hard;I;True;79.0;4.0;Barbora Zahlavova Strycova
1681;1.0;1.0;31.077344284699997;2016-0806;2.0;174.0;Svetlana Kuznetsova;Hard;P;True;104.0;8.0;Petra Kvitova
1682;1.0;1.0;31.077344284699997;2016-0806;2.0;174.0;Svetlana Kuznetsova;Hard;P;True;104.0;8.0;Petra Kvitova
1760;1.0;4.0;31.5564681725;2017-580;3.0;174.0;Svetlana Kuznetsova;Hard;G;True;216.0;10.0;Jelena Jankovic
1761;1.0;4.0;31.5564681725;2017-580;3.0;174.0;Svetlana Kuznetsova;Hard;G;True;216.0;10.0;Jelena Jankovic
1762;1.0;4.0;31.5564681725;2017-580;3.0;174.0;Svetlana Kuznetsova;Hard;G;True;216.0;10.0;Jelena Jankovic
1763;1.0;4.0;31.5564681725;2017-580;3.0;174.0;Svetlana Kuznetsova;Hard;G;True;216.0;10.0;Jelena Jankovic
2094;0.0;4.0;33.1033538672;2018-1005;3.0;168.0;Bethanie Mattek Sands;Clay;I;False;130.0;4.0;Su Wei Hsieh
2095;0.0;4.0;33.1033538672;2018-1005;3.0;168.0;Bethanie Mattek Sands;Clay;I;False;130.0;4.0;Su Wei Hsieh
2184;1.0;5.0;29.6673511294;2019-1039;3.0;180.0;Victoria Azarenka;Hard;I;True;131.0;5.0;Angelique Kerber
2185;1.0;5.0;29.6673511294;2019-1039;3.0;180.0;Victoria Azarenka;Hard;I;True;131.0;5.0;Angelique Kerber
2186;1.0;5.0;29.6673511294;2019-1039;3.0;180.0;Victoria Azarenka;Hard;I;True;131.0;5.0;Angelique Kerber
2187;1.0;5.0;29.6673511294;2019-1039;3.0;180.0;Victoria Azarenka;Hard;I;True;131.0;5.0;Angelique Kerber
2251;1.0;4.0;31.6413415469;2021-902;2.0;180.0;Victoria Azarenka;Hard;P;True;91.0;10.0;Angelique Kerber
2311;0.0;2.0;30.351813826100006;2016-1075;2.0;180.0;Varvara Lepchenko;Hard;I;False;118.0;3.0;Lucie Safarova
2312;0.0;2.0;30.351813826100006;2016-1075;2.0;180.0;Varvara Lepchenko;Hard;I;False;118.0;3.0;Lucie Safarova
2313;0.0;2.0;30.351813826100006;2016-1075;2.0;180.0;Varvara Lepchenko;Hard;I;False;118.0;3.0;Lucie Safarova
2314;0.0;2.0;30.351813826100006;2016-1075;2.0;180.0;Varvara Lepchenko;Hard;I;False;118.0;3.0;Lucie Safarova
2333;1.0;1.0;31.022587269000002;2017-520;3.0;180.0;Varvara Lepchenko;Clay;G;False;111.0;8.0;Andrea Petkovic
2334;1.0;1.0;31.022587269000002;2017-520;3.0;180.0;Varvara Lepchenko;Clay;G;False;111.0;8.0;Andrea Petkovic
2335;1.0;1.0;31.022587269000002;2017-520;3.0;180.0;Varvara Lepchenko;Clay;G;False;111.0;8.0;Andrea Petkovic
2336;1.0;1.0;31.022587269000002;2017-520;3.0;180.0;Varvara Lepchenko;Clay;G;False;111.0;8.0;Andrea Petkovic
2432;1.0;1.0;25.1006160164;2016-O16;2.0;177.0;Anastasia Pavlyuchenkova;Hard;O;True;62.0;0.0;Magda Linette
2503;0.0;0.0;26.212183436;2017-1056;2.0;177.0;Anastasia Pavlyuchenkova;Hard;P;False;73.0;3.0;Caroline Wozniacki
2504;0.0;0.0;26.212183436;2017-1056;2.0;177.0;Anastasia Pavlyuchenkova;Hard;P;False;73.0;3.0;Caroline Wozniacki
2505;0.0;0.0;26.212183436;2017-1056;2.0;177.0;Anastasia Pavlyuchenkova;Hard;P;False;73.0;3.0;Caroline Wozniacki
2518;0.0;1.0;26.250513347;2017-M015;2.0;177.0;Anastasia Pavlyuchenkova;Hard;PM;False;78.0;3.0;Caroline Wozniacki
2519;0.0;1.0;26.250513347;2017-M015;2.0;177.0;Anastasia Pavlyuchenkova;Hard;PM;False;78.0;3.0;Caroline Wozniacki
2520;0.0;1.0;26.250513347;2017-M015;2.0;177.0;Anastasia Pavlyuchenkova;Hard;PM;False;78.0;3.0;Caroline Wozniacki
2521;0.0;1.0;26.250513347;2017-M015;2.0;177.0;Anastasia Pavlyuchenkova;Hard;PM;False;78.0;3.0;Caroline Wozniacki
2522;0.0;1.0;26.250513347;2017-M015;2.0;177.0;Anastasia Pavlyuchenkova;Hard;PM;False;78.0;3.0;Caroline Wozniacki
2674;1.0;3.0;29.7905544148;2016-0406;2.0;176.0;Elena Vesnina;Clay;I;True;89.0;10.0;Kateryna Bondarenko
2675;1.0;3.0;29.7905544148;2016-0406;2.0;176.0;Elena Vesnina;Clay;I;True;89.0;10.0;Kateryna Bondarenko
2687;1.0;3.0;29.560574948699998;2016-1003;3.0;176.0;Elena Vesnina;Hard;P;False;141.0;16.0;Simona Halep
2688;1.0;3.0;29.560574948699998;2016-1003;3.0;176.0;Elena Vesnina;Hard;P;False;141.0;16.0;Simona Halep
2689;1.0;3.0;29.560574948699998;2016-1003;3.0;176.0;Elena Vesnina;Hard;P;False;141.0;16.0;Simona Halep
2794;1.0;1.0;28.750171115700002;2016-1052;2.0;180.0;Tsvetana Pironkova;Grass;P;False;69.0;14.0;Irina Camelia Begu
2795;1.0;1.0;28.750171115700002;2016-1052;2.0;180.0;Tsvetana Pironkova;Grass;P;False;69.0;14.0;Irina Camelia Begu
2796;1.0;1.0;28.750171115700002;2016-1052;2.0;180.0;Tsvetana Pironkova;Grass;P;False;69.0;14.0;Irina Camelia Begu
2980;0.0;9.0;30.1273100616;2021-718;3.0;182.0;Polona Hercog;Hard;P;False;124.0;6.0;Misaki Doi
3131;1.0;0.0;28.4106776181;2016-1003;2.0;168.0;Monica Niculescu;Hard;P;False;60.0;3.0;Sabine Lisicki
3132;1.0;0.0;28.4106776181;2016-1003;2.0;168.0;Monica Niculescu;Hard;P;False;60.0;3.0;Sabine Lisicki
3223;0.0;0.0;30.4038329911;2018-1097;2.0;168.0;Monica Niculescu;Hard;I;False;91.0;4.0;Kirsten Flipkens
3295;0.0;0.0;25.880903490799998;2017-M024;2.0;168.0;Simona Halep;Hard;P;True;56.0;14.0;Garbine Muguruza
3466;0.0;0.0;26.379192334000006;2018-1003;0.0;168.0;Simona Halep;Hard;P;True;0.0;14.0;Garbine Muguruza
3467;0.0;0.0;26.379192334000006;2018-1003;0.0;168.0;Simona Halep;Hard;P;True;0.0;14.0;Garbine Muguruza
3468;0.0;0.0;26.379192334000006;2018-1003;0.0;168.0;Simona Halep;Hard;P;True;0.0;14.0;Garbine Muguruza
3469;0.0;0.0;26.379192334000006;2018-1003;0.0;168.0;Simona Halep;Hard;P;True;0.0;14.0;Garbine Muguruza
3470;0.0;2.0;26.5708418891;2018-1051;2.0;168.0;Simona Halep;Clay;P;True;74.0;13.0;Coco Vandeweghe
3477;0.0;2.0;26.6283367556;2018-M009;2.0;168.0;Simona Halep;Clay;P;True;67.0;5.0;Elina Svitolina
3623;1.0;2.0;28.167008898000002;2016-0300;2.0;174.0;Johanna Larsson;Hard;I;True;58.0;13.0;Mona Barthel
3671;0.0;0.0;27.726214921300002;2016-M009;2.0;174.0;Johanna Larsson;Clay;P;False;61.0;14.0;Johanna Konta
3759;0.0;1.0;30.3709787817;2019-1049;2.0;174.0;Johanna Larsson;Hard;I;False;57.0;8.0;Julia Goerges
3760;0.0;1.0;30.3709787817;2019-1049;2.0;174.0;Johanna Larsson;Hard;I;False;57.0;8.0;Julia Goerges
3795;1.0;0.0;28.602327173200003;2016-W-FC-2016-WG-PO-GER-ROU-01;3.0;180.0;Andrea Petkovic;Clay;D;False;157.0;16.0;Monica Niculescu
3849;0.0;2.0;29.8918548939;2017-M035;3.0;180.0;Andrea Petkovic;Hard;I;False;150.0;8.0;Julia Goerges
3850;0.0;2.0;29.8918548939;2017-M035;3.0;180.0;Andrea Petkovic;Hard;I;False;150.0;8.0;Julia Goerges
4008;1.0;2.0;28.9938398357;2017-1081;2.0;180.0;Julia Goerges;Hard;F;True;99.0;8.0;Magdalena Rybarikova
4009;1.0;2.0;28.9938398357;2017-1081;2.0;180.0;Julia Goerges;Hard;F;True;99.0;8.0;Magdalena Rybarikova
4014;1.0;6.0;28.626967830300003;2017-1091;2.0;180.0;Julia Goerges;Grass;I;False;59.0;3.0;Anastasia Pavlyuchenkova
4015;1.0;6.0;28.626967830300003;2017-1091;2.0;180.0;Julia Goerges;Grass;I;False;59.0;3.0;Anastasia Pavlyuchenkova
4145;1.0;7.0;30.160164271;2019-1049;2.0;180.0;Julia Goerges;Hard;I;True;57.0;10.0;Johanna Larsson
4290;1.0;2.0;26.6529774127;2017-M006;2.0;177.0;Caroline Wozniacki;Hard;PM;True;76.0;5.0;Magda Linette
4299;1.0;1.0;27.227926078000003;2017-M015;2.0;177.0;Caroline Wozniacki;Hard;PM;True;78.0;3.0;Anastasia Pavlyuchenkova
4300;1.0;1.0;27.227926078000003;2017-M015;2.0;177.0;Caroline Wozniacki;Hard;PM;True;78.0;3.0;Anastasia Pavlyuchenkova
4301;1.0;1.0;27.227926078000003;2017-M015;2.0;177.0;Caroline Wozniacki;Hard;PM;True;78.0;3.0;Anastasia Pavlyuchenkova
4302;1.0;1.0;27.227926078000003;2017-M015;2.0;177.0;Caroline Wozniacki;Hard;PM;True;78.0;3.0;Anastasia Pavlyuchenkova
4401;1.0;3.0;28.511978097199997;2019-580;2.0;177.0;Caroline Wozniacki;Hard;G;True;66.0;5.0;Johanna Larsson
4525;1.0;7.0;25.3305954825;2020-2022;2.0;178.0;Jennifer Brady;Hard;I;False;68.0;0.0;Magda Linette
4526;1.0;7.0;25.3305954825;2020-2022;2.0;178.0;Jennifer Brady;Hard;I;False;68.0;0.0;Magda Linette
5109;1.0;1.0;28.4407939767;2016-540;2.0;173.0;Angelique Kerber;Grass;G;True;63.0;6.0;Misaki Doi
5129;1.0;0.0;28.1724845996;2016-M007;3.0;173.0;Angelique Kerber;Hard;P;True;128.0;3.0;Timea Babos
5133;1.0;1.0;27.961670089000002;2016-M020;3.0;173.0;Angelique Kerber;Hard;P;True;127.0;16.0;Camila Giorgi
5212;0.0;1.0;29.7056810404;2017-M015;2.0;173.0;Angelique Kerber;Hard;PM;True;91.0;5.0;Alize Cornet
5213;0.0;1.0;29.7056810404;2017-M015;2.0;173.0;Angelique Kerber;Hard;PM;True;91.0;5.0;Alize Cornet
5455;1.0;6.0;26.945927447;2017-M020;2.0;173.0;Alize Cornet;Hard;I;False;123.0;6.0;Dominika Cibulkova
5456;1.0;6.0;26.945927447;2017-M020;2.0;173.0;Alize Cornet;Hard;I;False;123.0;6.0;Dominika Cibulkova
5592;0.0;2.0;30.587268993800002;2020-M024;2.0;173.0;Alize Cornet;Hard;P;False;121.0;8.0;Victoria Azarenka
5627;0.0;0.0;31.2963723477;2021-709;2.0;173.0;Alize Cornet;Clay;PM;False;95.0;10.0;Angelique Kerber
5628;0.0;0.0;31.2963723477;2021-709;2.0;173.0;Alize Cornet;Clay;PM;False;95.0;10.0;Angelique Kerber
5782;0.0;0.0;29.0349075975;2018-M007;2.0;170.0;Agnieszka Radwanska;Hard;PM;True;82.0;8.0;Victoria Azarenka
5783;0.0;0.0;29.0349075975;2018-M007;2.0;170.0;Agnieszka Radwanska;Hard;PM;True;82.0;8.0;Victoria Azarenka
5807;0.0;0.0;27.0116358658;2016-M006;2.0;165.0;Vania King;Hard;P;False;55.0;16.0;Simona Halep
5810;0.0;1.0;27.835728952800004;2017-1063;3.0;165.0;Vania King;Hard;I;False;95.0;14.0;Johanna Konta
5811;0.0;1.0;27.835728952800004;2017-1063;3.0;165.0;Vania King;Hard;I;False;95.0;14.0;Johanna Konta
5828;1.0;2.0;28.9637234771;2016-560;2.0;180.0;Yaroslava Shvedova;Hard;G;False;83.0;3.0;Shuai Zhang
5829;1.0;2.0;28.9637234771;2016-560;2.0;180.0;Yaroslava Shvedova;Hard;G;False;83.0;3.0;Shuai Zhang
5833;1.0;4.0;29.0595482546;2016-M015;2.0;180.0;Yaroslava Shvedova;Hard;P;False;72.0;6.0;Carla Suarez Navarro
5892;1.0;0.0;27.1238877481;2016-0710;2.0;161.0;Dominika Cibulkova;Grass;P;True;100.0;13.0;Karolina Pliskova
5893;1.0;0.0;27.1238877481;2016-0710;2.0;161.0;Dominika Cibulkova;Grass;P;True;100.0;13.0;Karolina Pliskova
5910;1.0;1.0;27.3921971253;2016-1075;2.0;161.0;Dominika Cibulkova;Hard;I;True;74.0;13.0;Karolina Pliskova
5911;1.0;1.0;27.3921971253;2016-1075;2.0;161.0;Dominika Cibulkova;Hard;I;True;74.0;13.0;Karolina Pliskova
5912;1.0;1.0;27.3921971253;2016-1075;2.0;161.0;Dominika Cibulkova;Hard;I;True;74.0;13.0;Karolina Pliskova
5917;1.0;0.0;27.0472279261;2016-520;2.0;161.0;Dominika Cibulkova;Clay;G;True;86.0;16.0;Saisai Zheng
5954;0.0;0.0;26.7980835044;2016-M004;3.0;161.0;Dominika Cibulkova;Hard;I;False;185.0;16.0;Sloane Stephens
5967;1.0;0.0;28.369609856300002;2017-1056;2.0;161.0;Dominika Cibulkova;Hard;P;True;82.0;6.0;Carla Suarez Navarro
5968;1.0;0.0;28.369609856300002;2017-1056;2.0;161.0;Dominika Cibulkova;Hard;P;True;82.0;6.0;Carla Suarez Navarro
5984;1.0;0.0;27.660506502399997;2017-M020;3.0;161.0;Dominika Cibulkova;Hard;I;True;138.0;3.0;Shuai Zhang
5985;1.0;0.0;27.660506502399997;2017-M020;3.0;161.0;Dominika Cibulkova;Hard;I;True;138.0;3.0;Shuai Zhang
5986;1.0;0.0;27.660506502399997;2017-M020;3.0;161.0;Dominika Cibulkova;Hard;I;True;138.0;3.0;Shuai Zhang
5987;1.0;0.0;27.660506502399997;2017-M020;3.0;161.0;Dominika Cibulkova;Hard;I;True;138.0;3.0;Shuai Zhang
6021;1.0;0.0;28.733744011;2018-1086;2.0;161.0;Dominika Cibulkova;Hard;P;False;89.0;3.0;Sorana Cirstea
6022;1.0;0.0;28.733744011;2018-1086;2.0;161.0;Dominika Cibulkova;Hard;P;False;89.0;3.0;Sorana Cirstea
6023;1.0;0.0;28.733744011;2018-1086;2.0;161.0;Dominika Cibulkova;Hard;P;False;89.0;3.0;Sorana Cirstea
6067;0.0;1.0;29.6919917864;2019-580;3.0;161.0;Dominika Cibulkova;Hard;G;True;131.0;3.0;Shuai Zhang
6068;0.0;1.0;29.6919917864;2019-580;3.0;161.0;Dominika Cibulkova;Hard;G;True;131.0;3.0;Shuai Zhang
6069;0.0;1.0;29.6919917864;2019-580;3.0;161.0;Dominika Cibulkova;Hard;G;True;131.0;3.0;Shuai Zhang
6070;0.0;1.0;29.6919917864;2019-580;3.0;161.0;Dominika Cibulkova;Hard;G;True;131.0;3.0;Shuai Zhang
6099;1.0;2.0;27.5071868583;2017-0528;2.0;176.0;Sorana Cirstea;Hard;I;True;94.0;5.0;Alison Van Uytvanck
6100;1.0;2.0;27.5071868583;2017-0528;2.0;176.0;Sorana Cirstea;Hard;I;True;94.0;5.0;Alison Van Uytvanck
6101;1.0;2.0;27.5071868583;2017-0528;2.0;176.0;Sorana Cirstea;Hard;I;True;94.0;5.0;Alison Van Uytvanck
6102;1.0;2.0;27.5071868583;2017-0528;2.0;176.0;Sorana Cirstea;Hard;I;True;94.0;5.0;Alison Van Uytvanck
6103;1.0;2.0;27.5071868583;2017-0528;2.0;176.0;Sorana Cirstea;Hard;I;True;94.0;5.0;Alison Van Uytvanck
6327;0.0;1.0;27.718001368899998;2018-1076;2.0;181.0;Petra Martic;Hard;I;True;40.0;3.0;Caroline Garcia
6371;1.0;1.0;28.158795345700003;2019-M007;2.0;181.0;Petra Martic;Hard;PM;False;82.0;3.0;Shuai Zhang
6372;1.0;1.0;28.158795345700003;2019-M007;2.0;181.0;Petra Martic;Hard;PM;False;82.0;3.0;Shuai Zhang
6386;0.0;1.0;27.986310746100006;2019-580;2.0;181.0;Petra Martic;Hard;G;True;120.0;16.0;Sloane Stephens
6617;0.0;0.0;30.0752908966;2019-0718;2.0;177.0;Shuai Zhang;Hard;P;False;101.0;6.0;Carla Suarez Navarro
6618;0.0;0.0;30.0752908966;2019-0718;2.0;177.0;Shuai Zhang;Hard;P;False;101.0;6.0;Carla Suarez Navarro
6733;0.0;9.0;29.5277207392;2016-M024;3.0;177.0;Lucie Safarova;Hard;P;False;149.0;8.0;Andrea Petkovic
6738;1.0;7.0;30.160164271;2017-0804;3.0;177.0;Lucie Safarova;Clay;P;True;172.0;8.0;Varvara Lepchenko
6816;1.0;2.0;25.916495551;2016-1087;2.0;170.0;Stefanie Voegele;Hard;I;False;109.0;0.0;Saisai Zheng
6825;0.0;3.0;26.1273100616;2016-1082;2.0;170.0;Stefanie Voegele;Clay;I;False;54.0;13.0;Karolina Pliskova
6826;0.0;3.0;26.1273100616;2016-1082;2.0;170.0;Stefanie Voegele;Clay;I;False;54.0;13.0;Karolina Pliskova
6827;0.0;3.0;26.1273100616;2016-1082;2.0;170.0;Stefanie Voegele;Clay;I;False;54.0;13.0;Karolina Pliskova
6828;0.0;3.0;26.1273100616;2016-1082;2.0;170.0;Stefanie Voegele;Clay;I;False;54.0;13.0;Karolina Pliskova
6829;0.0;3.0;26.1273100616;2016-1082;2.0;170.0;Stefanie Voegele;Clay;I;False;54.0;13.0;Karolina Pliskova
6919;1.0;0.0;28.733744011;2017-520;2.0;162.0;Carla Suarez Navarro;Clay;G;True;89.0;3.0;Sorana Cirstea
6920;1.0;0.0;28.733744011;2017-520;2.0;162.0;Carla Suarez Navarro;Clay;G;True;89.0;3.0;Sorana Cirstea
6921;1.0;0.0;28.733744011;2017-520;2.0;162.0;Carla Suarez Navarro;Clay;G;True;89.0;3.0;Sorana Cirstea
6965;0.0;0.0;28.101300479099997;2016-0528;2.0;162.0;Carla Suarez Navarro;Hard;I;True;88.0;6.0;Dominika Cibulkova
7016;0.0;1.0;29.0403832991;2017-1056;2.0;162.0;Carla Suarez Navarro;Hard;P;False;82.0;6.0;Dominika Cibulkova
7017;0.0;1.0;29.0403832991;2017-1056;2.0;162.0;Carla Suarez Navarro;Hard;P;False;82.0;6.0;Dominika Cibulkova
7018;0.0;1.0;29.0403832991;2017-1056;2.0;162.0;Carla Suarez Navarro;Hard;P;False;82.0;6.0;Dominika Cibulkova
7019;0.0;1.0;29.0403832991;2017-1056;2.0;162.0;Carla Suarez Navarro;Hard;P;False;82.0;6.0;Dominika Cibulkova
7020;0.0;1.0;29.0403832991;2017-1056;2.0;162.0;Carla Suarez Navarro;Hard;P;False;82.0;6.0;Dominika Cibulkova
7032;0.0;2.0;29.078713210100002;2017-M015;2.0;162.0;Carla Suarez Navarro;Hard;PM;False;71.0;13.0;Karolina Pliskova
7033;0.0;2.0;29.078713210100002;2017-M015;2.0;162.0;Carla Suarez Navarro;Hard;PM;False;71.0;13.0;Karolina Pliskova
7034;0.0;2.0;29.078713210100002;2017-M015;2.0;162.0;Carla Suarez Navarro;Hard;PM;False;71.0;13.0;Karolina Pliskova
7128;0.0;0.0;27.660506502399997;2021-1080;2.0;157.0;Lauren Davis;Grass;I;True;90.0;3.0;Shuai Zhang
7129;0.0;0.0;27.660506502399997;2021-1080;2.0;157.0;Lauren Davis;Grass;I;True;90.0;3.0;Shuai Zhang
7130;0.0;0.0;27.660506502399997;2021-1080;2.0;157.0;Lauren Davis;Grass;I;True;90.0;3.0;Shuai Zhang
7131;0.0;0.0;27.660506502399997;2021-1080;2.0;157.0;Lauren Davis;Grass;I;True;90.0;3.0;Shuai Zhang
7171;1.0;1.0;23.2334017796;2017-1049;2.0;157.0;Lauren Davis;Hard;I;False;71.0;7.0;Ana Konjuh
7172;1.0;1.0;23.2334017796;2017-1049;2.0;157.0;Lauren Davis;Hard;I;False;71.0;7.0;Ana Konjuh
7173;1.0;1.0;23.2334017796;2017-1049;2.0;157.0;Lauren Davis;Hard;I;False;71.0;7.0;Ana Konjuh
7174;1.0;1.0;23.2334017796;2017-1049;2.0;157.0;Lauren Davis;Hard;I;False;71.0;7.0;Ana Konjuh
7190;0.0;1.0;24.0;2017-1076;3.0;157.0;Lauren Davis;Hard;I;False;172.0;11.0;Yulia Putintseva
7191;0.0;1.0;24.0;2017-1076;3.0;157.0;Lauren Davis;Hard;I;False;172.0;11.0;Yulia Putintseva
7192;0.0;1.0;24.0;2017-1076;3.0;157.0;Lauren Davis;Hard;I;False;172.0;11.0;Yulia Putintseva
7278;0.0;0.0;27.1238877481;2021-902;2.0;170.0;Saisai Zheng;Hard;P;False;73.0;13.0;Karolina Pliskova
7279;0.0;0.0;27.1238877481;2021-902;2.0;170.0;Saisai Zheng;Hard;P;False;73.0;13.0;Karolina Pliskova
7327;1.0;3.0;23.195071868600007;2017-1099;2.0;170.0;Saisai Zheng;Hard;I;True;100.0;11.0;Nao Hibino
7328;1.0;2.0;23.5592060233;2017-560;3.0;170.0;Saisai Zheng;Hard;G;False;142.0;7.0;Alison Van Uytvanck
7329;1.0;2.0;23.5592060233;2017-560;3.0;170.0;Saisai Zheng;Hard;G;False;142.0;7.0;Alison Van Uytvanck
7431;1.0;0.0;27.718001368899998;2021-2046;2.0;170.0;Saisai Zheng;Hard;I;False;82.0;14.0;Petra Martic
7432;1.0;0.0;27.718001368899998;2021-2046;2.0;170.0;Saisai Zheng;Hard;I;False;82.0;14.0;Petra Martic
7540;1.0;12.0;24.8240930869;2017-580;2.0;184.0;Karolina Pliskova;Hard;G;True;72.0;11.0;Daria Gavrilova
7546;1.0;5.0;24.9965776865;2017-M007;2.0;184.0;Karolina Pliskova;Hard;PM;True;95.0;11.0;Yulia Putintseva
7547;1.0;5.0;24.9965776865;2017-M007;2.0;184.0;Karolina Pliskova;Hard;PM;True;95.0;11.0;Yulia Putintseva
7632;1.0;2.0;26.1273100616;2018-M021;2.0;184.0;Karolina Pliskova;Clay;PM;True;63.0;0.0;Sloane Stephens
7633;1.0;2.0;26.1273100616;2018-M021;2.0;184.0;Karolina Pliskova;Clay;PM;True;63.0;0.0;Sloane Stephens
7634;1.0;2.0;26.1273100616;2018-M021;2.0;184.0;Karolina Pliskova;Clay;PM;True;63.0;0.0;Sloane Stephens
7635;1.0;2.0;26.1273100616;2018-M021;2.0;184.0;Karolina Pliskova;Clay;PM;True;63.0;0.0;Sloane Stephens
7636;1.0;2.0;26.1273100616;2018-M021;2.0;184.0;Karolina Pliskova;Clay;PM;True;63.0;0.0;Sloane Stephens
7663;1.0;13.0;26.9130732375;2019-0718;3.0;184.0;Karolina Pliskova;Hard;P;True;113.0;6.0;Dominika Cibulkova
7664;1.0;13.0;26.9130732375;2019-0718;3.0;184.0;Karolina Pliskova;Hard;P;True;113.0;6.0;Dominika Cibulkova
7665;1.0;13.0;26.9130732375;2019-0718;3.0;184.0;Karolina Pliskova;Hard;P;True;113.0;6.0;Dominika Cibulkova
7666;1.0;13.0;26.9130732375;2019-0718;3.0;184.0;Karolina Pliskova;Hard;P;True;113.0;6.0;Dominika Cibulkova
7667;1.0;13.0;26.9130732375;2019-0718;3.0;184.0;Karolina Pliskova;Hard;P;True;113.0;6.0;Dominika Cibulkova
7694;1.0;7.0;26.989733059499997;2019-M007;2.0;184.0;Karolina Pliskova;Hard;PM;True;77.0;14.0;Petra Martic
7695;1.0;7.0;26.989733059499997;2019-M007;2.0;184.0;Karolina Pliskova;Hard;PM;True;77.0;14.0;Petra Martic
7696;1.0;7.0;26.989733059499997;2019-M007;2.0;184.0;Karolina Pliskova;Hard;PM;True;77.0;14.0;Petra Martic
7697;1.0;7.0;26.989733059499997;2019-M007;2.0;184.0;Karolina Pliskova;Hard;PM;True;77.0;14.0;Petra Martic
7794;0.0;2.0;29.106091718000002;2021-1038;2.0;184.0;Karolina Pliskova;Clay;P;True;74.0;3.0;Anastasia Pavlyuchenkova
7929;1.0;3.0;25.9356605065;2020-2011;2.0;173.0;Alison Van Uytvanck;Hard;I;True;70.0;12.0;Caroline Garcia
7939;0.0;0.0;26.3572895277;2020-0466;2.0;173.0;Alison Van Uytvanck;Clay;I;False;65.0;14.0;Petra Martic
7940;0.0;0.0;26.3572895277;2020-0466;2.0;173.0;Alison Van Uytvanck;Clay;I;False;65.0;14.0;Petra Martic
7941;0.0;0.0;26.3572895277;2020-0466;2.0;173.0;Alison Van Uytvanck;Clay;I;False;65.0;14.0;Petra Martic
7942;0.0;0.0;26.3572895277;2020-0466;2.0;173.0;Alison Van Uytvanck;Clay;I;False;65.0;14.0;Petra Martic
7979;1.0;1.0;23.041752224499998;2016-0804;2.0;170.0;Sloane Stephens;Clay;P;True;92.0;11.0;Daria Gavrilova
8009;1.0;2.0;24.3832991102;2017-0806;3.0;170.0;Sloane Stephens;Hard;P;False;132.0;11.0;Yulia Putintseva
8039;1.0;2.0;25.590691307300002;2018-0808;3.0;170.0;Sloane Stephens;Hard;F;True;115.0;13.0;Karolina Pliskova
8040;1.0;2.0;25.590691307300002;2018-0808;3.0;170.0;Sloane Stephens;Hard;F;True;115.0;13.0;Karolina Pliskova
8041;1.0;2.0;25.590691307300002;2018-0808;3.0;170.0;Sloane Stephens;Hard;F;True;115.0;13.0;Karolina Pliskova
8042;1.0;2.0;25.590691307300002;2018-0808;3.0;170.0;Sloane Stephens;Hard;F;True;115.0;13.0;Karolina Pliskova
8086;0.0;1.0;25.130732375100003;2018-M021;2.0;170.0;Sloane Stephens;Clay;PM;True;63.0;13.0;Karolina Pliskova
8087;0.0;1.0;25.130732375100003;2018-M021;2.0;170.0;Sloane Stephens;Clay;PM;True;63.0;13.0;Karolina Pliskova
8109;1.0;4.0;26.3956194387;2019-M024;3.0;170.0;Sloane Stephens;Hard;P;True;127.0;6.0;Yulia Putintseva
8141;0.0;4.0;27.430527036300006;2020-M024;2.0;170.0;Sloane Stephens;Hard;P;False;94.0;3.0;Caroline Garcia
8142;0.0;4.0;27.430527036300006;2020-M024;2.0;170.0;Sloane Stephens;Hard;P;False;94.0;3.0;Caroline Garcia
8179;1.0;9.0;27.671457905500002;2016-1080;3.0;180.0;Magdalena Rybarikova;Grass;I;False;106.0;16.0;Heather Watson
8180;1.0;9.0;27.671457905500002;2016-1080;3.0;180.0;Magdalena Rybarikova;Grass;I;False;106.0;16.0;Heather Watson
8205;1.0;4.0;28.744695414099997;2017-540;2.0;180.0;Magdalena Rybarikova;Grass;G;False;66.0;5.0;Lesia Tsurenko
8206;1.0;4.0;28.744695414099997;2017-540;2.0;180.0;Magdalena Rybarikova;Grass;G;False;66.0;5.0;Lesia Tsurenko
8207;1.0;4.0;28.744695414099997;2017-540;2.0;180.0;Magdalena Rybarikova;Grass;G;False;66.0;5.0;Lesia Tsurenko
8208;1.0;4.0;28.744695414099997;2017-540;2.0;180.0;Magdalena Rybarikova;Grass;G;False;66.0;5.0;Lesia Tsurenko
8209;1.0;4.0;28.744695414099997;2017-540;2.0;180.0;Magdalena Rybarikova;Grass;G;False;66.0;5.0;Lesia Tsurenko
8244;0.0;6.0;29.8754277892;2018-0602;3.0;180.0;Magdalena Rybarikova;Hard;P;False;129.0;3.0;Ekaterina Makarova
8428;0.0;9.0;26.6283367556;2018-M020;3.0;180.0;Johanna Konta;Hard;P;True;132.0;5.0;Elina Svitolina
8472;1.0;4.0;25.2484599589;2016-M024;2.0;180.0;Johanna Konta;Hard;P;True;83.0;12.0;Donna Vekic
8524;1.0;3.0;25.842573579699998;2017-M007;3.0;180.0;Johanna Konta;Hard;PM;True;150.0;0.0;Simona Halep
8525;1.0;3.0;25.842573579699998;2017-M007;3.0;180.0;Johanna Konta;Hard;PM;True;150.0;0.0;Simona Halep
8526;1.0;3.0;25.842573579699998;2017-M007;3.0;180.0;Johanna Konta;Hard;PM;True;150.0;0.0;Simona Halep
8723;0.0;0.0;30.642026009600002;2016-M001;2.0;177.0;Lucie Hradecka;Hard;P;False;59.0;8.0;Ekaterina Makarova
8795;0.0;2.0;25.1006160164;2021-520;2.0;166.0;Ashleigh Barty;Clay;G;True;48.0;0.0;Magda Linette
9093;0.0;6.0;24.8076659822;2016-1075;2.0;185.0;Coco Vandeweghe;Hard;I;False;113.0;13.0;Kristina Mladenovic
9094;0.0;6.0;24.8076659822;2016-1075;2.0;185.0;Coco Vandeweghe;Hard;I;False;113.0;13.0;Kristina Mladenovic
9105;0.0;9.0;24.6926762491;2016-M024;2.0;185.0;Coco Vandeweghe;Hard;P;False;84.0;14.0;Garbine Muguruza
9106;0.0;9.0;24.6926762491;2016-M024;2.0;185.0;Coco Vandeweghe;Hard;P;False;84.0;14.0;Garbine Muguruza
9162;1.0;5.0;26.379192334000006;2018-1051;2.0;185.0;Coco Vandeweghe;Clay;P;False;74.0;16.0;Simona Halep
9163;1.0;5.0;26.379192334000006;2018-1051;2.0;185.0;Coco Vandeweghe;Clay;P;False;74.0;16.0;Simona Halep
9164;1.0;5.0;26.379192334000006;2018-1051;2.0;185.0;Coco Vandeweghe;Clay;P;False;74.0;16.0;Simona Halep
9165;1.0;5.0;26.379192334000006;2018-1051;2.0;185.0;Coco Vandeweghe;Clay;P;False;74.0;16.0;Simona Halep
9187;0.0;1.0;26.417522245;2018-M021;2.0;185.0;Coco Vandeweghe;Clay;PM;True;87.0;13.0;Kristina Mladenovic
9188;0.0;1.0;26.417522245;2018-M021;2.0;185.0;Coco Vandeweghe;Clay;PM;True;87.0;13.0;Kristina Mladenovic
9189;0.0;1.0;26.417522245;2018-M021;2.0;185.0;Coco Vandeweghe;Clay;PM;True;87.0;13.0;Kristina Mladenovic
9190;0.0;1.0;26.417522245;2018-M021;2.0;185.0;Coco Vandeweghe;Clay;PM;True;87.0;13.0;Kristina Mladenovic
9231;1.0;1.0;22.8911704312;2016-560;3.0;182.0;Garbine Muguruza;Hard;G;True;116.0;12.0;Elise Mertens
9232;1.0;1.0;22.8911704312;2016-560;3.0;182.0;Garbine Muguruza;Hard;G;True;116.0;12.0;Elise Mertens
9233;1.0;1.0;22.8911704312;2016-560;3.0;182.0;Garbine Muguruza;Hard;G;True;116.0;12.0;Elise Mertens
9577;0.0;5.0;23.2361396304;2016-O16;3.0;184.0;Kristina Mladenovic;Hard;O;False;194.0;12.0;Madison Keys
9578;0.0;5.0;23.2361396304;2016-O16;3.0;184.0;Kristina Mladenovic;Hard;O;False;194.0;12.0;Madison Keys
9579;0.0;5.0;23.2361396304;2016-O16;3.0;184.0;Kristina Mladenovic;Hard;O;False;194.0;12.0;Madison Keys
9583;1.0;9.0;23.772758384699998;2017-0718;2.0;184.0;Kristina Mladenovic;Hard;P;False;88.0;7.0;Katerina Siniakova
9584;1.0;9.0;23.772758384699998;2017-0718;2.0;184.0;Kristina Mladenovic;Hard;P;False;88.0;7.0;Katerina Siniakova
9592;1.0;6.0;23.7152635181;2017-1086;2.0;184.0;Kristina Mladenovic;Hard;P;False;106.0;12.0;Elise Mertens
9593;1.0;6.0;23.7152635181;2017-1086;2.0;184.0;Kristina Mladenovic;Hard;P;False;106.0;12.0;Elise Mertens
9601;1.0;4.0;24.041067761799997;2017-520;3.0;184.0;Kristina Mladenovic;Clay;G;True;119.0;2.0;Garbine Muguruza
9602;1.0;4.0;24.041067761799997;2017-520;3.0;184.0;Kristina Mladenovic;Clay;G;True;119.0;2.0;Garbine Muguruza
9603;1.0;4.0;24.041067761799997;2017-520;3.0;184.0;Kristina Mladenovic;Clay;G;True;119.0;2.0;Garbine Muguruza
9633;0.0;3.0;24.366872005500003;2017-1075;2.0;184.0;Kristina Mladenovic;Hard;P;True;76.0;7.0;Katerina Siniakova
9634;0.0;3.0;24.366872005500003;2017-1075;2.0;184.0;Kristina Mladenovic;Hard;P;True;76.0;7.0;Katerina Siniakova
9635;0.0;3.0;24.366872005500003;2017-1075;2.0;184.0;Kristina Mladenovic;Hard;P;True;76.0;7.0;Katerina Siniakova
9684;0.0;4.0;25.363449692;2018-1075;2.0;184.0;Kristina Mladenovic;Hard;P;False;103.0;7.0;Katerina Siniakova
9735;0.0;7.0;25.880903490799998;2019-1039;2.0;184.0;Kristina Mladenovic;Hard;I;True;117.0;14.0;Garbine Muguruza
9900;1.0;2.0;22.373716632399997;2018-1075;2.0;174.0;Katerina Siniakova;Hard;P;False;128.0;2.0;Garbine Muguruza
9901;1.0;2.0;22.373716632399997;2018-1075;2.0;174.0;Katerina Siniakova;Hard;P;False;128.0;2.0;Garbine Muguruza
9902;1.0;2.0;22.373716632399997;2018-1075;2.0;174.0;Katerina Siniakova;Hard;P;False;128.0;2.0;Garbine Muguruza
9962;0.0;0.0;23.40862423;2019-0528;2.0;174.0;Katerina Siniakova;Hard;I;False;81.0;13.0;Kristina Mladenovic
9963;0.0;0.0;23.40862423;2019-0528;2.0;174.0;Katerina Siniakova;Hard;I;False;81.0;13.0;Kristina Mladenovic
9964;0.0;0.0;23.40862423;2019-0528;2.0;174.0;Katerina Siniakova;Hard;I;False;81.0;13.0;Kristina Mladenovic
9965;0.0;0.0;23.40862423;2019-0528;2.0;174.0;Katerina Siniakova;Hard;I;False;81.0;13.0;Kristina Mladenovic
9966;0.0;0.0;23.40862423;2019-0528;2.0;174.0;Katerina Siniakova;Hard;I;False;81.0;13.0;Kristina Mladenovic
9973;0.0;2.0;23.370294319;2019-1075;2.0;174.0;Katerina Siniakova;Hard;P;False;86.0;12.0;Elise Mertens
9979;0.0;2.0;23.0444900753;2019-520;2.0;174.0;Katerina Siniakova;Clay;G;False;76.0;12.0;Madison Keys
10015;1.0;1.0;24.9418206708;2021-2020;3.0;174.0;Katerina Siniakova;Clay;I;False;148.0;13.0;Kristina Mladenovic
10030;1.0;0.0;25.2484599589;2021-806;3.0;174.0;Katerina Siniakova;Hard;P;False;119.0;14.0;Garbine Muguruza
10053;0.0;0.0;27.7289527721;2016-0406;2.0;182.0;Olga Govortsova;Clay;I;False;63.0;14.0;Timea Babos
10054;0.0;0.0;27.7289527721;2016-0406;2.0;182.0;Olga Govortsova;Clay;I;False;63.0;14.0;Timea Babos
10055;0.0;1.0;28.073921971300006;2016-1023;3.0;182.0;Olga Govortsova;Hard;I;False;148.0;5.0;Alison Riske
10086;1.0;5.0;26.6475017112;2016-1052;2.0;182.0;Yanina Wickmayer;Grass;P;False;77.0;14.0;Johanna Konta
10100;1.0;1.0;26.7433264887;2016-M035;3.0;182.0;Yanina Wickmayer;Hard;I;True;131.0;13.0;Kristina Mladenovic
10110;0.0;2.0;26.3600273785;2016-1039;2.0;182.0;Yanina Wickmayer;Hard;I;False;123.0;14.0;Johanna Konta
10186;0.0;2.0;25.823408624200002;2020-M009;2.0;169.0;Danka Kovinic;Clay;P;False;106.0;12.0;Elise Mertens
10187;0.0;2.0;25.823408624200002;2020-M009;2.0;169.0;Danka Kovinic;Clay;P;False;106.0;12.0;Elise Mertens
10293;0.0;2.0;28.8213552361;2017-1039;2.0;178.0;Ekaterina Makarova;Hard;I;True;82.0;16.0;Heather Watson
10564;1.0;0.0;28.9938398357;2018-520;2.0;174.0;Lesia Tsurenko;Clay;G;False;60.0;8.0;Magdalena Rybarikova
10565;1.0;0.0;28.9938398357;2018-520;2.0;174.0;Lesia Tsurenko;Clay;G;False;60.0;8.0;Magdalena Rybarikova
10661;1.0;6.0;29.0513347023;2018-1052;2.0;174.0;Lesia Tsurenko;Grass;P;False;109.0;16.0;Heather Watson
10662;1.0;6.0;29.0513347023;2018-1052;2.0;174.0;Lesia Tsurenko;Grass;P;False;109.0;16.0;Heather Watson
10815;1.0;3.0;26.6557152635;2017-W-FC-2017-WG2-PO-ROU-GBR-01;2.0;181.0;Irina Camelia Begu;Clay;D;False;122.0;0.0;Heather Watson
11049;1.0;9.0;23.6741957563;2017-1091;3.0;177.0;Caroline Garcia;Grass;I;True;147.0;0.0;Jana Cepelova
11071;0.0;1.0;23.597535934299998;2017-0406;2.0;177.0;Caroline Garcia;Clay;I;True;76.0;11.0;Daria Gavrilova
11072;0.0;1.0;23.597535934299998;2017-0406;2.0;177.0;Caroline Garcia;Clay;I;True;76.0;11.0;Daria Gavrilova
11073;0.0;1.0;23.597535934299998;2017-0406;2.0;177.0;Caroline Garcia;Clay;I;True;76.0;11.0;Daria Gavrilova
11074;0.0;1.0;23.597535934299998;2017-0406;2.0;177.0;Caroline Garcia;Clay;I;True;76.0;11.0;Daria Gavrilova
11075;0.0;1.0;23.597535934299998;2017-0406;2.0;177.0;Caroline Garcia;Clay;I;True;76.0;11.0;Daria Gavrilova
11093;0.0;7.0;23.578370978800002;2017-M009;3.0;177.0;Caroline Garcia;Clay;P;False;129.0;11.0;Daria Gavrilova
11094;0.0;7.0;23.578370978800002;2017-M009;3.0;177.0;Caroline Garcia;Clay;P;False;129.0;11.0;Daria Gavrilova
11095;0.0;7.0;23.578370978800002;2017-M009;3.0;177.0;Caroline Garcia;Clay;P;False;129.0;11.0;Daria Gavrilova
11272;0.0;2.0;25.3415468857;2016-W-FC-2016-WG-M-FRA-NED-01;2.0;180.0;Arantxa Rus;Clay;D;False;84.0;12.0;Caroline Garcia
11273;0.0;2.0;25.3415468857;2016-W-FC-2016-WG-M-FRA-NED-01;2.0;180.0;Arantxa Rus;Clay;D;False;84.0;12.0;Caroline Garcia
11380;1.0;1.0;22.5817932923;2016-M015;2.0;166.0;Daria Gavrilova;Hard;P;False;80.0;12.0;Caroline Garcia
11381;1.0;1.0;22.5817932923;2016-M015;2.0;166.0;Daria Gavrilova;Hard;P;False;80.0;12.0;Caroline Garcia
11382;1.0;1.0;22.5817932923;2016-M015;2.0;166.0;Daria Gavrilova;Hard;P;False;80.0;12.0;Caroline Garcia
11383;1.0;1.0;22.5817932923;2016-M015;2.0;166.0;Daria Gavrilova;Hard;P;False;80.0;12.0;Caroline Garcia
11384;1.0;1.0;22.5817932923;2016-M015;2.0;166.0;Daria Gavrilova;Hard;P;False;80.0;12.0;Caroline Garcia
11503;0.0;0.0;24.536618754299997;2018-1056;3.0;166.0;Daria Gavrilova;Hard;P;False;141.0;13.0;Karolina Pliskova
11504;0.0;0.0;24.536618754299997;2018-1056;3.0;166.0;Daria Gavrilova;Hard;P;False;141.0;13.0;Karolina Pliskova
11505;0.0;0.0;24.536618754299997;2018-1056;3.0;166.0;Daria Gavrilova;Hard;P;False;141.0;13.0;Karolina Pliskova
11606;0.0;2.0;24.1724845996;2017-M035;3.0;168.0;Jana Cepelova;Hard;I;False;96.0;7.0;Alison Van Uytvanck
11607;0.0;2.0;24.1724845996;2017-M035;3.0;168.0;Jana Cepelova;Hard;I;False;96.0;7.0;Alison Van Uytvanck
11618;1.0;1.0;25.916495551;2019-1082;2.0;168.0;Jana Cepelova;Clay;I;False;59.0;0.0;Stefanie Voegele
11619;1.0;1.0;25.916495551;2019-1082;2.0;168.0;Jana Cepelova;Clay;I;False;59.0;0.0;Stefanie Voegele
11620;1.0;1.0;25.916495551;2019-1082;2.0;168.0;Jana Cepelova;Clay;I;False;59.0;0.0;Stefanie Voegele
11729;0.0;7.0;23.6687200548;2017-M001;3.0;179.0;Timea Babos;Hard;I;False;112.0;0.0;Darya Kasatkina
11730;0.0;7.0;23.6687200548;2017-M001;3.0;179.0;Timea Babos;Hard;I;False;112.0;0.0;Darya Kasatkina
11731;0.0;7.0;23.6687200548;2017-M001;3.0;179.0;Timea Babos;Hard;I;False;112.0;0.0;Darya Kasatkina
11745;1.0;8.0;24.895277207399996;2018-1039;2.0;179.0;Timea Babos;Hard;I;True;63.0;0.0;Monica Puig
11746;1.0;8.0;24.895277207399996;2018-1039;2.0;179.0;Timea Babos;Hard;I;True;63.0;0.0;Monica Puig
11747;1.0;8.0;24.895277207399996;2018-1039;2.0;179.0;Timea Babos;Hard;I;True;63.0;0.0;Monica Puig
12173;1.0;4.0;22.614647501700002;2016-M009;3.0;170.0;Monica Puig;Clay;P;False;121.0;7.0;Elina Svitolina
12174;1.0;4.0;22.614647501700002;2016-M009;3.0;170.0;Monica Puig;Clay;P;False;121.0;7.0;Elina Svitolina
12175;1.0;4.0;22.614647501700002;2016-M009;3.0;170.0;Monica Puig;Clay;P;False;121.0;7.0;Elina Svitolina
12176;1.0;4.0;22.614647501700002;2016-M009;3.0;170.0;Monica Puig;Clay;P;False;121.0;7.0;Elina Svitolina
12177;1.0;4.0;22.614647501700002;2016-M009;3.0;170.0;Monica Puig;Clay;P;False;121.0;7.0;Elina Svitolina
12266;1.0;3.0;24.6078028747;2018-M021;3.0;170.0;Monica Puig;Clay;PM;False;118.0;0.0;Zarina Diyas
12267;1.0;3.0;24.6078028747;2018-M021;3.0;170.0;Monica Puig;Clay;PM;False;118.0;0.0;Zarina Diyas
12356;1.0;2.0;23.994524298400002;2021-580;2.0;170.0;Nadia Podoroska;Hard;G;False;96.0;0.0;Christina Mchale
12357;1.0;2.0;23.994524298400002;2021-580;2.0;170.0;Nadia Podoroska;Hard;G;False;96.0;0.0;Christina Mchale
12358;1.0;2.0;23.994524298400002;2021-580;2.0;170.0;Nadia Podoroska;Hard;G;False;96.0;0.0;Christina Mchale
12364;1.0;2.0;24.2628336756;2021-2035;3.0;170.0;Nadia Podoroska;Clay;W;True;134.0;12.0;Timea Babos
12376;0.0;1.0;24.301163586599998;2021-520;2.0;170.0;Nadia Podoroska;Clay;G;False;68.0;7.0;Belinda Bencic
12379;0.0;1.0;24.4928131417;2021-806;2.0;170.0;Nadia Podoroska;Hard;P;False;89.0;0.0;Camila Giorgi
12442;1.0;2.0;25.4510609172;2021-520;2.0;178.0;Barbora Krejcikova;Clay;G;False;99.0;7.0;Elina Svitolina
12542;0.0;2.0;25.3360711841;2017-0405;3.0;170.0;Christina Mchale;Hard;I;False;128.0;0.0;Zarina Diyas
12545;0.0;2.0;24.7802874743;2017-0718;3.0;170.0;Christina Mchale;Hard;P;False;142.0;7.0;Elina Svitolina
12570;1.0;2.0;25.8918548939;2018-0804;2.0;170.0;Christina Mchale;Clay;P;False;94.0;5.0;Zarina Diyas
12571;1.0;2.0;25.8918548939;2018-0804;2.0;170.0;Christina Mchale;Clay;P;False;94.0;5.0;Zarina Diyas
12690;1.0;3.0;25.4702258727;2017-1052;3.0;168.0;Camila Giorgi;Grass;P;False;122.0;7.0;Elina Svitolina
12691;1.0;3.0;25.4702258727;2017-1052;3.0;168.0;Camila Giorgi;Grass;P;False;122.0;7.0;Elina Svitolina
12692;1.0;3.0;25.4702258727;2017-1052;3.0;168.0;Camila Giorgi;Grass;P;False;122.0;7.0;Elina Svitolina
12693;1.0;3.0;25.4702258727;2017-1052;3.0;168.0;Camila Giorgi;Grass;P;False;122.0;7.0;Elina Svitolina
12694;1.0;3.0;25.4702258727;2017-1052;3.0;168.0;Camila Giorgi;Grass;P;False;122.0;7.0;Elina Svitolina
12696;1.0;6.0;25.010266940500003;2017-1063;3.0;168.0;Camila Giorgi;Hard;I;False;182.0;0.0;Saisai Zheng
12881;1.0;3.0;23.898699520900003;2017-0405;3.0;172.0;Zarina Diyas;Hard;I;False;128.0;0.0;Christina Mchale
12929;1.0;1.0;25.9110198494;2019-1056;2.0;172.0;Zarina Diyas;Hard;I;False;58.0;0.0;Monica Puig
12943;0.0;2.0;25.7002053388;2019-540;2.0;172.0;Zarina Diyas;Grass;G;False;80.0;12.0;Danielle Rose Collins
12944;0.0;2.0;25.7002053388;2019-540;2.0;172.0;Zarina Diyas;Grass;G;False;80.0;12.0;Danielle Rose Collins
12972;1.0;5.0;27.7316906229;2021-1094;2.0;172.0;Zarina Diyas;Clay;I;False;91.0;16.0;Camila Giorgi
13029;0.0;0.0;24.7036276523;2016-0405;3.0;155.0;Kurumi Nara;Hard;I;False;130.0;0.0;Jana Cepelova
13231;1.0;1.0;23.0937713895;2018-W-FC-2018-G1-AO-PPO-KAZ-JPN-01;2.0;163.0;Yulia Putintseva;Hard;D;False;86.0;11.0;Nao Hibino
13270;1.0;0.0;24.0;2019-M001;2.0;163.0;Yulia Putintseva;Hard;P;False;100.0;11.0;Daria Gavrilova
13271;1.0;0.0;24.0;2019-M001;2.0;163.0;Yulia Putintseva;Hard;P;False;100.0;11.0;Daria Gavrilova
13483;1.0;5.0;22.4503764545;2017-0703;2.0;178.0;Madison Keys;Hard;P;True;57.0;2.0;Garbine Muguruza
13484;1.0;5.0;22.4503764545;2017-0703;2.0;178.0;Madison Keys;Hard;P;True;57.0;2.0;Garbine Muguruza
13485;1.0;5.0;22.4503764545;2017-0703;2.0;178.0;Madison Keys;Hard;P;True;57.0;2.0;Garbine Muguruza
13489;1.0;5.0;22.527036276500002;2017-560;2.0;178.0;Madison Keys;Hard;G;True;90.0;12.0;Elise Mertens
13490;1.0;5.0;22.527036276500002;2017-560;2.0;178.0;Madison Keys;Hard;G;True;90.0;12.0;Elise Mertens
13491;1.0;5.0;22.527036276500002;2017-560;2.0;178.0;Madison Keys;Hard;G;True;90.0;12.0;Elise Mertens
13492;1.0;5.0;22.527036276500002;2017-560;2.0;178.0;Madison Keys;Hard;G;True;90.0;12.0;Elise Mertens
13576;1.0;6.0;23.906913073200002;2019-580;2.0;178.0;Madison Keys;Hard;G;True;73.0;12.0;Elise Mertens
13577;1.0;6.0;23.906913073200002;2019-580;2.0;178.0;Madison Keys;Hard;G;True;73.0;12.0;Elise Mertens
13580;1.0;13.0;24.481861738499997;2019-M024;3.0;178.0;Madison Keys;Hard;P;True;140.0;14.0;Garbine Muguruza
13581;1.0;13.0;24.481861738499997;2019-M024;3.0;178.0;Madison Keys;Hard;P;True;140.0;14.0;Garbine Muguruza
13582;1.0;13.0;24.481861738499997;2019-M024;3.0;178.0;Madison Keys;Hard;P;True;140.0;14.0;Garbine Muguruza
13583;1.0;13.0;24.481861738499997;2019-M024;3.0;178.0;Madison Keys;Hard;P;True;140.0;14.0;Garbine Muguruza
13584;1.0;13.0;24.481861738499997;2019-M024;3.0;178.0;Madison Keys;Hard;P;True;140.0;14.0;Garbine Muguruza
13586;1.0;10.0;24.481861738499997;2019-M024;3.0;178.0;Madison Keys;Hard;P;True;122.0;0.0;Simona Halep
13587;1.0;10.0;24.481861738499997;2019-M024;3.0;178.0;Madison Keys;Hard;P;True;122.0;0.0;Simona Halep
13588;1.0;10.0;24.481861738499997;2019-M024;3.0;178.0;Madison Keys;Hard;P;True;122.0;0.0;Simona Halep
13589;1.0;10.0;24.481861738499997;2019-M024;3.0;178.0;Madison Keys;Hard;P;True;122.0;0.0;Simona Halep
13647;0.0;5.0;26.633812457199998;2021-609;2.0;178.0;Madison Keys;Hard;P;False;58.0;3.0;Anastasia Pavlyuchenkova
13665;1.0;3.0;23.370294319;2021-2049;3.0;180.0;Jaqueline Adina Cristian;Hard;I;False;129.0;0.0;Tamara Zidansek
13812;1.0;1.0;23.2361396304;2019-1003;2.0;179.0;Elise Mertens;Hard;P;False;80.0;7.0;Katerina Siniakova
13813;1.0;1.0;23.2361396304;2019-1003;2.0;179.0;Elise Mertens;Hard;P;False;80.0;7.0;Katerina Siniakova
13826;1.0;1.0;23.523613963000003;2019-520;3.0;179.0;Elise Mertens;Clay;G;True;127.0;0.0;Tamara Zidansek
13827;1.0;1.0;23.523613963000003;2019-520;3.0;179.0;Elise Mertens;Clay;G;True;127.0;0.0;Tamara Zidansek
13838;1.0;4.0;23.140314852800003;2019-M001;3.0;179.0;Elise Mertens;Hard;P;True;162.0;7.0;Katerina Siniakova
13839;1.0;4.0;23.140314852800003;2019-M001;3.0;179.0;Elise Mertens;Hard;P;True;162.0;7.0;Katerina Siniakova
13887;1.0;5.0;24.769336071199998;2020-M024;3.0;179.0;Elise Mertens;Hard;P;True;138.0;13.0;Kristina Mladenovic
13918;1.0;7.0;25.2073921971;2021-2029;2.0;179.0;Elise Mertens;Hard;P;True;100.0;12.0;Caroline Garcia
13941;1.0;8.0;25.708418891199997;2021-703;3.0;179.0;Elise Mertens;Hard;W;True;160.0;13.0;Kristina Mladenovic
13957;0.0;1.0;25.6125941136;2021-540;2.0;179.0;Elise Mertens;Grass;G;True;75.0;12.0;Madison Keys
14097;1.0;0.0;26.5325119781;2020-2020;3.0;178.0;Eugenie Bouchard;Clay;I;False;182.0;0.0;Danka Kovinic
14098;1.0;0.0;26.5325119781;2020-2020;3.0;178.0;Eugenie Bouchard;Clay;I;False;182.0;0.0;Danka Kovinic
14115;1.0;2.0;23.542778918499998;2020-M056;3.0;179.0;Donna Vekic;Hard;P;False;120.0;7.0;Maria Sakkari
14163;1.0;1.0;23.6687200548;2018-M009;3.0;174.0;Elina Svitolina;Clay;P;True;96.0;0.0;Darya Kasatkina
14164;1.0;1.0;23.6687200548;2018-M009;3.0;174.0;Elina Svitolina;Clay;P;True;96.0;0.0;Darya Kasatkina
14165;1.0;1.0;23.6687200548;2018-M009;3.0;174.0;Elina Svitolina;Clay;P;True;96.0;0.0;Darya Kasatkina
14196;1.0;3.0;22.0971937029;2016-M014;2.0;174.0;Elina Svitolina;Hard;P;True;89.0;11.0;Yulia Putintseva
14274;1.0;3.0;22.3080082136;2017-M020;2.0;174.0;Elina Svitolina;Hard;I;True;76.0;17.0;Monica Puig
14275;1.0;3.0;22.3080082136;2017-M020;2.0;174.0;Elina Svitolina;Hard;I;True;76.0;17.0;Monica Puig
14276;1.0;3.0;22.3080082136;2017-M020;2.0;174.0;Elina Svitolina;Hard;I;True;76.0;17.0;Monica Puig
14280;1.0;4.0;22.417522245;2017-W-FC-2017-WG2-M-UKR-AUS-01;3.0;174.0;Elina Svitolina;Hard;D;False;106.0;11.0;Ashleigh Barty
14281;1.0;4.0;22.417522245;2017-W-FC-2017-WG2-M-UKR-AUS-01;3.0;174.0;Elina Svitolina;Hard;D;False;106.0;11.0;Ashleigh Barty
14282;1.0;4.0;22.417522245;2017-W-FC-2017-WG2-M-UKR-AUS-01;3.0;174.0;Elina Svitolina;Hard;D;False;106.0;11.0;Ashleigh Barty
14283;1.0;4.0;22.417522245;2017-W-FC-2017-WG2-M-UKR-AUS-01;3.0;174.0;Elina Svitolina;Hard;D;False;106.0;11.0;Ashleigh Barty
14284;1.0;4.0;22.417522245;2017-W-FC-2017-WG2-M-UKR-AUS-01;3.0;174.0;Elina Svitolina;Hard;D;False;106.0;11.0;Ashleigh Barty
14400;0.0;7.0;24.4353182752;2019-0718;3.0;174.0;Elina Svitolina;Hard;P;True;118.0;7.0;Belinda Bencic
14401;0.0;7.0;24.4353182752;2019-0718;3.0;174.0;Elina Svitolina;Hard;P;True;118.0;7.0;Belinda Bencic
14402;0.0;7.0;24.4353182752;2019-0718;3.0;174.0;Elina Svitolina;Hard;P;True;118.0;7.0;Belinda Bencic
14403;0.0;7.0;24.4353182752;2019-0718;3.0;174.0;Elina Svitolina;Hard;P;True;118.0;7.0;Belinda Bencic
14473;1.0;2.0;26.945927447;2021-2047;2.0;174.0;Elina Svitolina;Hard;W;True;122.0;5.0;Alize Cornet
14474;1.0;2.0;26.945927447;2021-2047;2.0;174.0;Elina Svitolina;Hard;W;True;122.0;5.0;Alize Cornet
14475;1.0;2.0;26.945927447;2021-2047;2.0;174.0;Elina Svitolina;Hard;W;True;122.0;5.0;Alize Cornet
14476;1.0;2.0;26.945927447;2021-2047;2.0;174.0;Elina Svitolina;Hard;W;True;122.0;5.0;Alize Cornet
14477;1.0;2.0;26.945927447;2021-2047;2.0;174.0;Elina Svitolina;Hard;W;True;122.0;5.0;Alize Cornet
14495;0.0;0.0;26.466803559200002;2021-1003;2.0;174.0;Elina Svitolina;Hard;P;True;87.0;14.0;Victoria Azarenka
14496;0.0;0.0;26.466803559200002;2021-1003;2.0;174.0;Elina Svitolina;Hard;P;True;87.0;14.0;Victoria Azarenka
14497;0.0;0.0;26.466803559200002;2021-1003;2.0;174.0;Elina Svitolina;Hard;P;True;87.0;14.0;Victoria Azarenka
14498;0.0;0.0;26.466803559200002;2021-1003;2.0;174.0;Elina Svitolina;Hard;P;True;87.0;14.0;Victoria Azarenka
14499;0.0;0.0;26.466803559200002;2021-1003;2.0;174.0;Elina Svitolina;Hard;P;True;87.0;14.0;Victoria Azarenka
14596;0.0;0.0;26.0342231348;2018-0804;3.0;166.0;Lara Arruabarrena;Clay;P;False;98.0;12.0;Madison Keys
14597;0.0;0.0;26.0342231348;2018-0804;3.0;166.0;Lara Arruabarrena;Clay;P;False;98.0;12.0;Madison Keys
14861;0.0;6.0;27.759069130700002;2021-580;3.0;180.0;Ajla Tomljanovic;Hard;G;False;154.0;16.0;Simona Halep
14862;0.0;6.0;27.759069130700002;2021-580;3.0;180.0;Ajla Tomljanovic;Hard;G;False;154.0;16.0;Simona Halep
14863;0.0;6.0;27.759069130700002;2021-580;3.0;180.0;Ajla Tomljanovic;Hard;G;False;154.0;16.0;Simona Halep
14864;0.0;6.0;27.759069130700002;2021-580;3.0;180.0;Ajla Tomljanovic;Hard;G;False;154.0;16.0;Simona Halep
14865;0.0;6.0;27.759069130700002;2021-580;3.0;180.0;Ajla Tomljanovic;Hard;G;False;154.0;16.0;Simona Halep
14866;0.0;6.0;27.759069130700002;2021-580;3.0;180.0;Ajla Tomljanovic;Hard;G;False;154.0;16.0;Simona Halep
14867;0.0;6.0;27.759069130700002;2021-580;3.0;180.0;Ajla Tomljanovic;Hard;G;False;154.0;16.0;Simona Halep
14960;1.0;1.0;26.0999315537;2018-0718;2.0;172.0;Qiang Wang;Hard;P;False;55.0;14.0;Kiki Bertens
14961;1.0;1.0;26.0999315537;2018-0718;2.0;172.0;Qiang Wang;Hard;P;False;55.0;14.0;Kiki Bertens
14962;1.0;1.0;26.0999315537;2018-0718;2.0;172.0;Qiang Wang;Hard;P;False;55.0;14.0;Kiki Bertens
15038;0.0;0.0;26.962354551700006;2019-1063;2.0;172.0;Qiang Wang;Hard;I;True;95.0;5.0;Alison Riske
15039;0.0;0.0;26.962354551700006;2019-1063;2.0;172.0;Qiang Wang;Hard;I;True;95.0;5.0;Alison Riske
15201;1.0;4.0;25.1416837782;2020-1063;3.0;175.0;Ekaterina Alexandrova;Hard;I;True;128.0;0.0;Qiang Wang
15202;1.0;4.0;25.1416837782;2020-1063;3.0;175.0;Ekaterina Alexandrova;Hard;I;True;128.0;0.0;Qiang Wang
15222;0.0;6.0;25.237508555799998;2020-1086;3.0;175.0;Ekaterina Alexandrova;Hard;P;False;101.0;14.0;Kiki Bertens
15223;0.0;6.0;25.237508555799998;2020-1086;3.0;175.0;Ekaterina Alexandrova;Hard;P;False;101.0;14.0;Kiki Bertens
15312;1.0;6.0;24.8733744011;2017-1039;3.0;170.0;Heather Watson;Hard;I;False;172.0;1.0;Nina Stojanovic
15641;1.0;10.0;27.0965092402;2019-580;2.0;182.0;Kiki Bertens;Hard;G;True;66.0;5.0;Alison Riske
15689;0.0;14.0;27.498973306;2019-M010;3.0;182.0;Kiki Bertens;Grass;I;True;139.0;5.0;Alison Riske
15690;0.0;14.0;27.498973306;2019-M010;3.0;182.0;Kiki Bertens;Grass;I;True;139.0;5.0;Alison Riske
15735;1.0;0.0;24.7802874743;2016-1087;0.0;159.0;Misaki Doi;Hard;I;True;0.0;18.0;Kurumi Nara
15749;1.0;3.0;25.297741273099998;2016-M024;3.0;159.0;Misaki Doi;Hard;P;False;135.0;0.0;Christina Mchale
15750;1.0;3.0;25.297741273099998;2016-M024;3.0;159.0;Misaki Doi;Hard;P;False;135.0;0.0;Christina Mchale
15761;0.0;0.0;24.684462696799997;2016-1049;2.0;159.0;Misaki Doi;Hard;I;False;66.0;0.0;Christina Mchale
15773;0.0;2.0;24.895277207399996;2016-M007;3.0;159.0;Misaki Doi;Hard;P;False;128.0;0.0;Christina Mchale
15783;1.0;0.0;25.7577002053;2017-1096;3.0;159.0;Misaki Doi;Hard;I;True;120.0;6.0;Nao Hibino
15868;0.0;2.0;30.1273100616;2021-2012;2.0;159.0;Misaki Doi;Grass;P;False;60.0;10.0;Angelique Kerber
15869;0.0;2.0;30.1273100616;2021-2012;2.0;159.0;Misaki Doi;Grass;P;False;60.0;10.0;Angelique Kerber
15870;0.0;2.0;30.1273100616;2021-2012;2.0;159.0;Misaki Doi;Grass;P;False;60.0;10.0;Angelique Kerber
15871;0.0;2.0;30.1273100616;2021-2012;2.0;159.0;Misaki Doi;Grass;P;False;60.0;10.0;Angelique Kerber
15948;0.0;1.0;22.4996577687;2017-520;2.0;163.0;Nao Hibino;Clay;G;False;65.0;12.0;Caroline Garcia
15949;0.0;1.0;22.4996577687;2017-520;2.0;163.0;Nao Hibino;Clay;G;False;65.0;12.0;Caroline Garcia
15976;1.0;2.0;24.7802874743;2019-0405;2.0;163.0;Nao Hibino;Hard;I;False;68.0;18.0;Misaki Doi
15977;1.0;2.0;24.7802874743;2019-0405;2.0;163.0;Nao Hibino;Hard;I;False;68.0;18.0;Misaki Doi
15978;1.0;2.0;24.7802874743;2019-0405;2.0;163.0;Nao Hibino;Hard;I;False;68.0;18.0;Misaki Doi
15979;1.0;2.0;24.7802874743;2019-0405;2.0;163.0;Nao Hibino;Hard;I;False;68.0;18.0;Misaki Doi
15980;1.0;2.0;24.7802874743;2019-0405;2.0;163.0;Nao Hibino;Hard;I;False;68.0;18.0;Misaki Doi
15997;1.0;1.0;25.8151950719;2020-0406;2.0;163.0;Nao Hibino;Clay;I;False;107.0;5.0;Zarina Diyas
15998;1.0;1.0;25.8151950719;2020-0406;2.0;163.0;Nao Hibino;Clay;I;False;107.0;5.0;Zarina Diyas
16008;1.0;2.0;26.3709787817;2021-2033;3.0;163.0;Nao Hibino;Clay;W;False;189.0;18.0;Misaki Doi
16043;1.0;6.0;24.2628336756;2018-M007;3.0;178.0;Danielle Rose Collins;Hard;PM;False;131.0;0.0;Monica Puig
16060;0.0;1.0;24.4161533196;2018-M009;2.0;178.0;Danielle Rose Collins;Clay;P;False;74.0;0.0;Darya Kasatkina
16061;0.0;1.0;24.4161533196;2018-M009;2.0;178.0;Danielle Rose Collins;Clay;P;False;74.0;0.0;Darya Kasatkina
16085;0.0;3.0;25.297741273099998;2019-0804;2.0;178.0;Danielle Rose Collins;Clay;P;True;94.0;0.0;Monica Puig
16401;1.0;0.0;24.451745379899997;2021-902;3.0;176.0;Sara Sorribes Tormo;Hard;P;False;120.0;11.0;Ons Jabeur
16633;0.0;9.0;25.1088295688;2019-1076;3.0;167.0;Ons Jabeur;Hard;I;False;126.0;7.0;Rebecca Peterson
16908;1.0;3.0;22.7323750856;2018-1056;2.0;174.0;Anett Kontaveit;Hard;P;False;125.0;2.0;Kristina Mladenovic
16909;1.0;3.0;22.7323750856;2018-1056;2.0;174.0;Anett Kontaveit;Hard;P;False;125.0;2.0;Kristina Mladenovic
16913;1.0;1.0;22.7515400411;2018-1075;2.0;174.0;Anett Kontaveit;Hard;P;False;95.0;7.0;Katerina Siniakova
16914;1.0;1.0;22.7515400411;2018-1075;2.0;174.0;Anett Kontaveit;Hard;P;False;95.0;7.0;Katerina Siniakova
16923;1.0;6.0;22.0616016427;2018-580;3.0;174.0;Anett Kontaveit;Hard;G;True;113.0;19.0;Jelena Ostapenko
16955;0.0;0.0;22.8090349076;2018-M014;2.0;174.0;Anett Kontaveit;Hard;P;True;74.0;11.0;Ons Jabeur
17060;1.0;2.0;25.6646132786;2021-2040;2.0;174.0;Anett Kontaveit;Hard;W;True;115.0;14.0;Irina Camelia Begu
17170;1.0;3.0;24.8514715948;2021-540;2.0;178.0;Karolina Muchova;Grass;G;True;100.0;12.0;Anastasia Pavlyuchenkova
17176;0.0;1.0;24.4681724846;2021-580;3.0;178.0;Karolina Muchova;Hard;G;True;115.0;12.0;Jennifer Brady
17177;0.0;1.0;24.4681724846;2021-580;3.0;178.0;Karolina Muchova;Hard;G;True;115.0;12.0;Jennifer Brady
17178;0.0;1.0;24.4681724846;2021-580;3.0;178.0;Karolina Muchova;Hard;G;True;115.0;12.0;Jennifer Brady
17256;1.0;0.0;21.3880903491;2018-M035;0.0;175.0;Belinda Bencic;Hard;I;True;0.0;11.0;Nao Hibino
17257;1.0;0.0;21.3880903491;2018-M035;0.0;175.0;Belinda Bencic;Hard;I;True;0.0;11.0;Nao Hibino
17258;1.0;0.0;21.3880903491;2018-M035;0.0;175.0;Belinda Bencic;Hard;I;True;0.0;11.0;Nao Hibino
17279;1.0;4.0;21.943874058899997;2019-0718;3.0;175.0;Belinda Bencic;Hard;P;False;118.0;7.0;Elina Svitolina
17280;1.0;4.0;21.943874058899997;2019-0718;3.0;175.0;Belinda Bencic;Hard;P;False;118.0;7.0;Elina Svitolina
17281;1.0;4.0;21.943874058899997;2019-0718;3.0;175.0;Belinda Bencic;Hard;P;False;118.0;7.0;Elina Svitolina
17282;1.0;4.0;21.943874058899997;2019-0718;3.0;175.0;Belinda Bencic;Hard;P;False;118.0;7.0;Elina Svitolina
17283;1.0;4.0;21.943874058899997;2019-0718;3.0;175.0;Belinda Bencic;Hard;P;False;118.0;7.0;Elina Svitolina
17373;1.0;2.0;24.1368925394;2021-1038;2.0;175.0;Belinda Bencic;Clay;P;True;79.0;13.0;Kristina Mladenovic
17374;1.0;2.0;24.1368925394;2021-1038;2.0;175.0;Belinda Bencic;Clay;P;True;79.0;13.0;Kristina Mladenovic
17387;1.0;2.0;24.511978097199997;2021-300;2.0;175.0;Belinda Bencic;Hard;I;True;60.0;0.0;Zarina Diyas
17388;1.0;2.0;24.511978097199997;2021-300;2.0;175.0;Belinda Bencic;Hard;I;True;60.0;0.0;Zarina Diyas
17648;1.0;7.0;23.8767967146;2019-1080;2.0;172.0;Maria Sakkari;Grass;I;True;83.0;0.0;Heather Watson
17701;1.0;8.0;25.0841889117;2020-M024;2.0;172.0;Maria Sakkari;Hard;P;True;103.0;11.0;Yulia Putintseva
17702;1.0;8.0;25.0841889117;2020-M024;2.0;172.0;Maria Sakkari;Hard;P;True;103.0;11.0;Yulia Putintseva
17769;0.0;2.0;26.234086242300002;2021-730;1.0;172.0;Maria Sakkari;Hard;P;True;22.0;7.0;Ekaterina Alexandrova
17770;0.0;2.0;26.234086242300002;2021-730;1.0;172.0;Maria Sakkari;Hard;P;True;22.0;7.0;Ekaterina Alexandrova
17771;0.0;2.0;26.234086242300002;2021-730;1.0;172.0;Maria Sakkari;Hard;P;True;22.0;7.0;Ekaterina Alexandrova
17820;0.0;1.0;23.7891854894;2021-1038;3.0;170.0;Jil Belen Teichmann;Clay;P;False;121.0;12.0;Paula Badosa
17821;0.0;1.0;23.7891854894;2021-1038;3.0;170.0;Jil Belen Teichmann;Clay;P;False;121.0;12.0;Paula Badosa
17829;0.0;1.0;24.125941136199998;2021-560;2.0;170.0;Jil Belen Teichmann;Hard;G;False;70.0;7.0;Anett Kontaveit
18006;1.0;1.0;21.1526351814;2018-540;2.0;170.0;Darya Kasatkina;Grass;G;True;73.0;11.0;Ashleigh Barty
18007;1.0;1.0;21.1526351814;2018-540;2.0;170.0;Darya Kasatkina;Grass;G;True;73.0;11.0;Ashleigh Barty
18008;1.0;1.0;21.1526351814;2018-540;2.0;170.0;Darya Kasatkina;Grass;G;True;73.0;11.0;Ashleigh Barty
18009;1.0;1.0;21.1526351814;2018-540;2.0;170.0;Darya Kasatkina;Grass;G;True;73.0;11.0;Ashleigh Barty
18010;1.0;1.0;21.1526351814;2018-540;2.0;170.0;Darya Kasatkina;Grass;G;True;73.0;11.0;Ashleigh Barty
18323;1.0;3.0;23.3867214237;2021-2035;2.0;174.0;Ana Konjuh;Clay;W;False;83.0;11.0;Yulia Putintseva
18324;1.0;3.0;23.3867214237;2021-2035;2.0;174.0;Ana Konjuh;Clay;W;False;83.0;11.0;Yulia Putintseva
18325;1.0;3.0;23.3867214237;2021-2035;2.0;174.0;Ana Konjuh;Clay;W;False;83.0;11.0;Yulia Putintseva
18326;1.0;3.0;23.3867214237;2021-2035;2.0;174.0;Ana Konjuh;Clay;W;False;83.0;11.0;Yulia Putintseva
18327;1.0;3.0;23.3867214237;2021-2035;2.0;174.0;Ana Konjuh;Clay;W;False;83.0;11.0;Yulia Putintseva
18340;0.0;0.0;23.3867214237;2021-2035;2.0;174.0;Ana Konjuh;Clay;W;False;43.0;12.0;Paula Badosa
18341;0.0;0.0;23.3867214237;2021-2035;2.0;174.0;Ana Konjuh;Clay;W;False;43.0;12.0;Paula Badosa
18342;0.0;0.0;23.3867214237;2021-2035;2.0;174.0;Ana Konjuh;Clay;W;False;43.0;12.0;Paula Badosa
18343;0.0;0.0;23.3867214237;2021-2035;2.0;174.0;Ana Konjuh;Clay;W;False;43.0;12.0;Paula Badosa
18344;0.0;0.0;23.3867214237;2021-2035;2.0;174.0;Ana Konjuh;Clay;W;False;43.0;12.0;Paula Badosa
18598;1.0;1.0;24.0355920602;2021-710;2.0;177.0;Jelena Ostapenko;Grass;W;False;65.0;7.0;Anett Kontaveit
18599;1.0;1.0;24.0355920602;2021-710;2.0;177.0;Jelena Ostapenko;Grass;W;False;65.0;7.0;Anett Kontaveit
18602;1.0;4.0;24.0355920602;2021-710;3.0;177.0;Jelena Ostapenko;Grass;W;False;104.0;11.0;Ons Jabeur
18603;1.0;4.0;24.0355920602;2021-710;3.0;177.0;Jelena Ostapenko;Grass;W;False;104.0;11.0;Ons Jabeur
18619;0.0;3.0;23.6495550992;2021-2029;3.0;177.0;Jelena Ostapenko;Hard;P;True;132.0;7.0;Elina Svitolina
18620;0.0;3.0;23.6495550992;2021-2029;3.0;177.0;Jelena Ostapenko;Hard;P;True;132.0;7.0;Elina Svitolina
18928;0.0;0.0;23.2936344969;2021-2029;0.0;180.0;Naomi Osaka;Hard;P;True;0.0;12.0;Elise Mertens
18929;0.0;0.0;23.2936344969;2021-2029;0.0;180.0;Naomi Osaka;Hard;P;True;0.0;12.0;Elise Mertens
19023;1.0;4.0;23.780971936999997;2021-2032;2.0;175.0;Veronika Kudermetova;Hard;P;False;79.0;0.0;Heather Watson
19024;1.0;4.0;23.780971936999997;2021-2032;2.0;175.0;Veronika Kudermetova;Hard;P;False;79.0;0.0;Heather Watson
19025;1.0;4.0;23.780971936999997;2021-2032;2.0;175.0;Veronika Kudermetova;Hard;P;False;79.0;0.0;Heather Watson
19026;1.0;4.0;23.780971936999997;2021-2032;2.0;175.0;Veronika Kudermetova;Hard;P;False;79.0;0.0;Heather Watson
19027;1.0;4.0;23.780971936999997;2021-2032;2.0;175.0;Veronika Kudermetova;Hard;P;False;79.0;0.0;Heather Watson
19088;0.0;1.0;23.808350444899997;2021-609;2.0;171.0;Magdalena Frech;Hard;P;False;80.0;13.0;Karolina Pliskova
19089;0.0;1.0;23.808350444899997;2021-609;2.0;171.0;Magdalena Frech;Hard;P;False;80.0;13.0;Karolina Pliskova
19090;0.0;1.0;23.808350444899997;2021-609;2.0;171.0;Magdalena Frech;Hard;P;False;80.0;13.0;Karolina Pliskova
19137;0.0;6.0;22.3600273785;2019-0466;3.0;170.0;Fiona Ferro;Clay;I;False;157.0;2.0;Ludmilla Samsonova
19138;0.0;6.0;22.3600273785;2019-0466;3.0;170.0;Fiona Ferro;Clay;I;False;157.0;2.0;Ludmilla Samsonova
19139;0.0;6.0;22.3600273785;2019-0466;3.0;170.0;Fiona Ferro;Clay;I;False;157.0;2.0;Ludmilla Samsonova
19188;0.0;0.0;24.219028063000003;2021-520;3.0;170.0;Fiona Ferro;Clay;G;False;132.0;12.0;Jennifer Brady
19274;1.0;2.0;23.5017111567;2021-2035;2.0;180.0;Paula Badosa;Clay;W;True;43.0;7.0;Ana Konjuh
19290;1.0;4.0;23.7891854894;2021-560;2.0;180.0;Paula Badosa;Hard;G;True;80.0;7.0;Alison Van Uytvanck
19381;0.0;2.0;23.0527036277;2021-806;2.0;180.0;Marie Bouzkova;Hard;P;False;91.0;7.0;Maria Sakkari
19382;0.0;2.0;23.0527036277;2021-806;2.0;180.0;Marie Bouzkova;Hard;P;False;91.0;7.0;Maria Sakkari
19888;0.0;3.0;23.4551676934;2021-730;2.0;182.0;Aryna Sabalenka;Hard;P;True;73.0;7.0;Ekaterina Alexandrova
19889;0.0;3.0;23.4551676934;2021-730;2.0;182.0;Aryna Sabalenka;Hard;P;True;73.0;7.0;Ekaterina Alexandrova
20219;0.0;1.0;20.5722108145;2018-1105;3.0;168.0;Tamara Zidansek;Clay;I;False;116.0;19.0;Anastasia Potapova
20230;1.0;0.0;21.3963039014;2019-1068;2.0;168.0;Tamara Zidansek;Clay;I;False;83.0;19.0;Katerina Siniakova
20273;0.0;0.0;22.6228610541;2020-1082;3.0;168.0;Tamara Zidansek;Clay;I;False;172.0;12.0;Eugenie Bouchard
20290;1.0;0.0;23.427789185500004;2021-520;3.0;168.0;Tamara Zidansek;Clay;G;False;117.0;7.0;Katerina Siniakova
20343;0.0;3.0;21.1882272416;2021-703;3.0;170.0;Claire Liu;Hard;W;False;95.0;2.0;Elena Rybakina
20407;0.0;2.0;21.916495551;2018-540;2.0;180.0;Katie Boulter;Grass;G;False;78.0;2.0;Naomi Osaka
20408;0.0;2.0;21.916495551;2018-540;2.0;180.0;Katie Boulter;Grass;G;False;78.0;2.0;Naomi Osaka
20409;0.0;2.0;21.916495551;2018-540;2.0;180.0;Katie Boulter;Grass;G;False;78.0;2.0;Naomi Osaka
20410;0.0;2.0;21.916495551;2018-540;2.0;180.0;Katie Boulter;Grass;G;False;78.0;2.0;Naomi Osaka
20424;0.0;6.0;22.7159479808;2019-W-FC-2019-WG2-PO-GBR-KAZ-01;3.0;180.0;Katie Boulter;Hard;D;False;151.0;11.0;Yulia Putintseva
