;Key;annee;cluster
0;Alvin Gentry;2020;3
1;Alvin Gentry;2022;3
2;Billy Donovan;2020;0
3;Billy Donovan;2021;1
4;Billy Donovan;2022;1
5;Brad Stevens;2020;4
6;Brad Stevens;2021;4
7;Brett Brown;2020;4
8;Chauncey Billups;2022;1
9;Chris Finch;2021;3
10;Chris Finch;2022;1
11;Doc Rivers;2020;4
12;Doc Rivers;2021;1
13;Doc Rivers;2022;1
14;Dwane Casey;2020;4
15;Dwane Casey;2021;1
16;Dwane Casey;2022;1
17;Erik Spoelstra;2020;4
18;Erik Spoelstra;2021;2
19;Erik Spoelstra;2022;2
20;Frank Vogel;2020;4
21;Frank Vogel;2021;2
22;Frank Vogel;2022;1
23;Gregg Popovich;2020;0
24;Gregg Popovich;2021;1
25;Gregg Popovich;2022;3
26;Ime Udoka;2022;2
27;J.B. Bickerstaff;2020;1
28;J.B. Bickerstaff;2021;1
29;J.B. Bickerstaff;2022;2
30;Jacque Vaughn;2020;0
31;Jamahl Mosley;2022;1
32;James Borrego;2020;4
33;James Borrego;2021;1
34;James Borrego;2022;1
35;Jason Kidd;2022;2
36;Jim Boylen;2020;1
37;Lloyd Pierce;2020;3
38;Luke Walton;2020;1
39;Luke Walton;2021;3
40;Mark Daigneault;2021;3
41;Mark Daigneault;2022;2
42;Michael Malone;2020;4
43;Michael Malone;2021;2
44;Michael Malone;2022;2
45;Mike Budenholzer;2020;0
46;Mike Budenholzer;2021;3
47;Mike Budenholzer;2022;1
48;Mike D'Antoni;2020;0
49;Mike Miller;2020;4
50;Monty Williams;2020;0
51;Monty Williams;2021;2
52;Monty Williams;2022;1
53;Nate Bjorkgren;2021;3
54;Nate McMillan;2020;0
55;Nate McMillan;2021;1
56;Nate McMillan;2022;1
57;Nick Nurse;2020;4
58;Nick Nurse;2021;1
59;Nick Nurse;2022;1
60;Quin Snyder;2020;0
61;Quin Snyder;2021;4
62;Quin Snyder;2022;2
63;Rick Carlisle;2020;0
64;Rick Carlisle;2021;1
65;Rick Carlisle;2022;1
66;Ryan Saunders;2020;0
67;Scott Brooks;2020;3
68;Scott Brooks;2021;3
69;Stan Van Gundy;2021;1
70;Stephen Silas;2021;3
71;Stephen Silas;2022;3
72;Steve Clifford;2020;4
73;Steve Clifford;2021;1
74;Steve Kerr;2020;1
75;Steve Kerr;2021;1
76;Steve Kerr;2022;2
77;Steve Nash;2021;4
78;Steve Nash;2022;1
79;Taylor Jenkins;2020;0
80;Taylor Jenkins;2021;1
81;Taylor Jenkins;2022;2
82;Terry Stotts;2020;3
83;Terry Stotts;2021;1
84;Tom Thibodeau;2021;2
85;Tom Thibodeau;2022;2
86;Tyronn Lue;2021;2
87;Tyronn Lue;2022;1
88;Wes Unseld;2022;1
89;Willie Green;2022;2
90;ATL;2020;3
91;ATL;2021;2
92;ATL;2022;2
93;BOS;2020;4
94;BOS;2021;4
95;BOS;2022;1
96;BRK;2020;0
97;BRK;2021;4
98;BRK;2022;2
99;CHI;2020;4
100;CHI;2021;2
101;CHI;2022;2
102;CHO;2020;4
103;CHO;2021;2
104;CHO;2022;2
105;CLE;2020;0
106;CLE;2021;2
107;CLE;2022;1
108;DAL;2020;0
109;DAL;2021;2
110;DAL;2022;1
111;DEN;2020;4
112;DEN;2021;1
113;DEN;2022;1
114;DET;2020;4
115;DET;2021;2
116;DET;2022;2
117;GSW;2020;0
118;GSW;2021;2
119;GSW;2022;1
120;HOU;2020;0
121;HOU;2021;3
122;HOU;2022;3
123;IND;2020;0
124;IND;2021;3
125;IND;2022;2
126;LAC;2020;4
127;LAC;2021;1
128;LAC;2022;2
129;LAL;2020;4
130;LAL;2021;1
131;LAL;2022;2
132;MEM;2020;0
133;MEM;2021;2
134;MEM;2022;1
135;MIA;2020;4
136;MIA;2021;1
137;MIA;2022;1
138;MIL;2020;0
139;MIL;2021;0
140;MIL;2022;2
141;MIN;2020;0
142;MIN;2021;3
143;MIN;2022;2
144;NOP;2020;3
145;NOP;2021;2
146;NOP;2022;1
147;NYK;2020;4
148;NYK;2021;1
149;NYK;2022;1
150;OKC;2020;4
151;OKC;2021;3
152;OKC;2022;1
153;ORL;2020;4
154;ORL;2021;2
155;ORL;2022;2
156;PHI;2020;4
157;PHI;2021;2
158;PHI;2022;2
159;PHO;2020;0
160;PHO;2021;1
161;PHO;2022;2
162;POR;2020;3
163;POR;2021;2
164;POR;2022;2
165;SAC;2020;2
166;SAC;2021;3
167;SAC;2022;3
168;SAS;2020;0
169;SAS;2021;2
170;SAS;2022;3
171;TOR;2020;4
172;TOR;2021;2
173;TOR;2022;2
174;UTA;2020;0
175;UTA;2021;1
176;UTA;2022;1
177;WAS;2020;3
178;WAS;2021;3
179;WAS;2022;2
180;Aaron Gordon;2020;1
181;Aaron Gordon;2021;1
182;Aaron Gordon;2022;4
183;Aaron Henry;2022;0
184;Aaron Holiday;2020;1
185;Aaron Holiday;2021;1
186;Aaron Holiday;2022;3
187;Aaron Nesmith;2021;0
188;Aaron Nesmith;2022;0
189;Aaron Wiggins;2022;1
190;Abdel Nader;2020;4
191;Abdel Nader;2021;4
192;Abdel Nader;2022;0
193;Al Horford;2020;1
194;Al Horford;2021;1
195;Al Horford;2022;1
196;Al-Farouq Aminu;2020;4
197;Al-Farouq Aminu;2021;4
198;Alec Burks;2020;1
199;Alec Burks;2021;4
200;Aleksej Pokusevski;2021;4
201;Aleksej Pokusevski;2022;4
202;Alex Caruso;2020;0
203;Alex Caruso;2022;0
204;Alex Len;2020;4
205;Alex Len;2021;4
206;Alex Len;2022;4
207;Alize Johnson;2020;0
208;Alize Johnson;2021;0
209;Alize Johnson;2022;0
210;Alperen Sengun;2022;0
211;Amir Coffey;2020;4
212;Amir Coffey;2021;0
213;Amir Coffey;2022;1
214;Andre Drummond;2020;1
215;Andre Drummond;2021;1
216;Andre Drummond;2022;4
217;Andre Iguodala;2020;0
218;Andre Iguodala;2021;4
219;Andre Iguodala;2022;0
220;Andrew Wiggins;2020;3
221;Andrew Wiggins;2021;1
222;Andrew Wiggins;2022;1
223;Anfernee Simons;2020;4
224;Anfernee Simons;2021;4
225;Anfernee Simons;2022;4
226;Anthony Davis;2020;1
227;Anthony Davis;2021;1
228;Anthony Davis;2022;1
229;Anthony Edwards;2021;1
230;Anthony Edwards;2022;1
231;Anthony Gill;2021;4
232;Anthony Gill;2022;0
233;Anthony Lamb;2021;0
234;Armoni Brooks;2021;2
235;Armoni Brooks;2022;4
236;Austin Reaves;2022;4
237;Austin Rivers;2020;4
238;Austin Rivers;2021;4
239;Austin Rivers;2022;4
240;Avery Bradley;2020;3
241;Avery Bradley;2021;4
242;Avery Bradley;2022;3
243;Ayo Dosunmu;2022;4
244;Bam Adebayo;2020;1
245;Bam Adebayo;2021;4
246;Bam Adebayo;2022;4
247;Ben McLemore;2020;3
248;Ben McLemore;2021;4
249;Ben McLemore;2022;4
250;Ben Simmons;2020;3
251;Ben Simmons;2021;3
252;Blake Griffin;2020;3
253;Blake Griffin;2021;1
254;Blake Griffin;2022;1
255;Boban Marjanovic;2020;0
256;Boban Marjanovic;2021;4
257;Boban Marjanovic;2022;0
258;Bobby Portis;2020;4
259;Bobby Portis;2021;4
260;Bobby Portis;2022;4
261;Bogdan Bogdanovic;2020;1
262;Bogdan Bogdanovic;2021;1
263;Bogdan Bogdanovic;2022;3
264;Bojan Bogdanovic;2020;1
265;Bojan Bogdanovic;2021;1
266;Bojan Bogdanovic;2022;1
267;Bol Bol;2020;0
268;Bol Bol;2021;0
269;Bol Bol;2022;0
270;Bradley Beal;2020;2
271;Bradley Beal;2021;3
272;Brandon Boston;2022;1
273;Brandon Clarke;2020;0
274;Brandon Clarke;2021;4
275;Brandon Clarke;2022;0
276;Brandon Goodwin;2020;4
277;Brandon Goodwin;2021;1
278;Brandon Goodwin;2022;1
279;Brandon Ingram;2020;2
280;Brandon Ingram;2021;3
281;Brandon Ingram;2022;1
282;Brodric Thomas;2021;0
283;Brodric Thomas;2022;0
284;Brook Lopez;2020;1
285;Brook Lopez;2021;1
286;Bruce Brown;2020;4
287;Bruce Brown;2021;4
288;Bruce Brown;2022;4
289;Bruno Fernando;2020;0
290;Bruno Fernando;2021;2
291;Bruno Fernando;2022;0
292;Bryn Forbes;2020;3
293;Bryn Forbes;2021;4
294;Bryn Forbes;2022;4
295;Buddy Hield;2020;1
296;Buddy Hield;2021;3
297;Buddy Hield;2022;4
298;CJ Elleby;2021;0
299;CJ Elleby;2022;0
300;CJ McCollum;2020;3
301;CJ McCollum;2021;3
302;CJ McCollum;2022;3
303;Cam Reddish;2020;1
304;Cam Reddish;2021;3
305;Cam Reddish;2022;4
306;Cameron Johnson;2020;4
307;Cameron Johnson;2021;4
308;Cameron Johnson;2022;4
309;Cameron Payne;2020;1
310;Cameron Payne;2021;4
311;Cameron Payne;2022;4
312;Caris LeVert;2020;3
313;Caris LeVert;2021;3
314;Caris LeVert;2022;3
315;Carmelo Anthony;2020;1
316;Carmelo Anthony;2021;4
317;Carmelo Anthony;2022;0
318;Carsen Edwards;2020;4
319;Carsen Edwards;2021;3
320;Cassius Stanley;2021;0
321;Cassius Stanley;2022;2
322;Cassius Winston;2021;4
323;Cedi Osman;2020;3
324;Cedi Osman;2021;4
325;Cedi Osman;2022;4
326;Chandler Hutchison;2020;4
327;Chandler Hutchison;2021;4
328;Chandler Hutchison;2022;0
329;Charles Bassey;2022;4
330;Charlie Brown;2021;4
331;Charlie Brown;2022;0
332;Chasson Randle;2020;4
333;Chasson Randle;2021;4
334;Chimezie Metu;2020;0
335;Chimezie Metu;2021;4
336;Chimezie Metu;2022;1
337;Chris Boucher;2020;4
338;Chris Boucher;2021;4
339;Chris Boucher;2022;4
340;Chris Chiozza;2020;4
341;Chris Chiozza;2021;0
342;Chris Chiozza;2022;2
343;Chris Duarte;2022;1
344;Chris Paul;2020;3
345;Chris Paul;2021;3
346;Chris Paul;2022;3
347;Christian Wood;2020;4
348;Christian Wood;2021;1
349;Christian Wood;2022;1
350;Chuma Okeke;2021;4
351;Chuma Okeke;2022;4
352;Clint Capela;2020;1
353;Clint Capela;2021;1
354;Clint Capela;2022;1
355;Coby White;2020;4
356;Coby White;2021;1
357;Coby White;2022;4
358;Cody Martin;2020;4
359;Cody Martin;2021;4
360;Cody Martin;2022;4
361;Cody Zeller;2020;1
362;Cody Zeller;2021;4
363;Cody Zeller;2022;0
364;Cole Anthony;2021;3
365;Cole Anthony;2022;3
366;Collin Sexton;2020;3
367;Collin Sexton;2021;3
368;Collin Sexton;2022;3
369;Corey Kispert;2022;0
370;Cory Joseph;2020;1
371;Cory Joseph;2021;2
372;Cory Joseph;2022;1
373;DAngelo Russell;2020;3
374;DAngelo Russell;2021;3
375;DAngelo Russell;2022;3
376;DJ Augustin;2020;4
377;DJ Augustin;2021;4
378;DJ Augustin;2022;4
379;DJ Wilson;2020;4
380;DJ Wilson;2021;0
381;DJ Wilson;2022;2
382;Daishen Nix;2022;4
383;Dalano Banton;2022;4
384;Damian Lillard;2020;3
385;Damian Lillard;2021;3
386;Damian Lillard;2022;3
387;Damion Lee;2020;1
388;Damion Lee;2021;1
389;Damion Lee;2022;4
390;Daniel Gafford;2020;1
391;Daniel Gafford;2021;4
392;Daniel Gafford;2022;3
393;Daniel Oturu;2021;0
394;Daniel Oturu;2022;4
395;Daniel Theis;2020;1
396;Daniel Theis;2021;4
397;Daniel Theis;2022;4
398;Danilo Gallinari;2020;1
399;Danilo Gallinari;2021;4
400;Danilo Gallinari;2022;4
401;Danny Green;2020;1
402;Danny Green;2021;1
403;Danny Green;2022;1
404;Dante Exum;2020;1
405;Dante Exum;2021;1
406;Danuel House;2020;1
407;Danuel House;2021;1
408;Danuel House;2022;4
409;Dario Saric;2020;1
410;Dario Saric;2021;4
411;Darius Bazley;2020;4
412;Darius Bazley;2021;1
413;Darius Bazley;2022;4
414;Darius Garland;2021;1
415;Darius Garland;2022;3
416;David Duke;2022;2
417;David Nwaba;2020;4
418;David Nwaba;2021;4
419;David Nwaba;2022;4
420;Davion Mitchell;2022;4
421;Davis Bertans;2020;4
422;Davis Bertans;2021;4
423;Davis Bertans;2022;0
424;DayRon Sharpe;2022;0
425;DeAaron Fox;2020;3
426;DeAaron Fox;2021;3
427;DeAaron Fox;2022;3
428;DeAndre Bembry;2020;4
429;DeAndre Bembry;2021;4
430;DeAndre Bembry;2022;4
431;DeAndre Hunter;2020;3
432;DeAndre Hunter;2021;1
433;DeAndre Hunter;2022;1
434;DeAndre Jordan;2020;4
435;DeAndre Jordan;2021;1
436;DeAndre Jordan;2022;4
437;DeAnthony Melton;2020;4
438;DeAnthony Melton;2021;4
439;DeAnthony Melton;2022;1
440;DeMar DeRozan;2020;3
441;DeMar DeRozan;2021;3
442;DeMar DeRozan;2022;3
443;DeMarcus Cousins;2021;4
444;DeMarcus Cousins;2022;4
445;Dean Wade;2020;4
446;Dean Wade;2021;4
447;Dean Wade;2022;4
448;Deandre Ayton;2020;1
449;Deandre Ayton;2021;1
450;Deandre Ayton;2022;4
451;Dejounte Murray;2020;3
452;Dejounte Murray;2021;3
453;Dejounte Murray;2022;3
454;Delon Wright;2020;1
455;Delon Wright;2021;3
456;Delon Wright;2022;1
457;Deni Avdija;2021;1
458;Deni Avdija;2022;4
459;Dennis Schroder;2020;4
460;Dennis Schroder;2021;3
461;Dennis Schroder;2022;4
462;Dennis Smith;2020;4
463;Dennis Smith;2021;4
464;Dennis Smith;2022;1
465;Denzel Valentine;2020;4
466;Denzel Valentine;2021;4
467;Denzel Valentine;2022;4
468;Derrick Favors;2020;1
469;Derrick Favors;2021;0
470;Derrick Favors;2022;1
471;Derrick Jones;2020;4
472;Derrick Jones;2021;1
473;Derrick Jones;2022;4
474;Derrick Rose;2020;1
475;Derrick Rose;2021;4
476;Derrick Rose;2022;4
477;Derrick White;2020;1
478;Derrick White;2021;3
479;Derrick White;2022;3
480;Desmond Bane;2021;3
481;Desmond Bane;2022;1
482;Devin Booker;2020;3
483;Devin Booker;2021;3
484;Devin Booker;2022;3
485;Devin Vassell;2021;4
486;Devin Vassell;2022;2
487;Devon Dotson;2021;0
488;Devon Dotson;2022;4
489;Devontae Cacok;2020;4
490;Devontae Cacok;2021;0
491;Devontae Cacok;2022;0
492;Devonte Graham;2020;4
493;Devonte Graham;2021;4
494;Devonte Graham;2022;2
495;Dewayne Dedmon;2020;4
496;Dewayne Dedmon;2021;0
497;Dewayne Dedmon;2022;4
498;Dillon Brooks;2020;1
499;Dillon Brooks;2021;1
500;Dillon Brooks;2022;1
501;Domantas Sabonis;2020;1
502;Domantas Sabonis;2021;1
503;Domantas Sabonis;2022;1
504;Donovan Mitchell;2020;3
505;Donovan Mitchell;2021;3
506;Donovan Mitchell;2022;3
507;Donte DiVincenzo;2020;4
508;Donte DiVincenzo;2021;3
509;Dorian Finney-Smith;2020;3
510;Dorian Finney-Smith;2021;1
511;Dorian Finney-Smith;2022;1
512;Doug McDermott;2020;4
513;Doug McDermott;2021;1
514;Doug McDermott;2022;3
515;Draymond Green;2020;1
516;Draymond Green;2021;1
517;Draymond Green;2022;3
518;Drew Eubanks;2020;4
519;Drew Eubanks;2021;4
520;Drew Eubanks;2022;4
521;Duncan Robinson;2020;3
522;Duncan Robinson;2021;3
523;Duncan Robinson;2022;3
524;Dwayne Bacon;2020;1
525;Dwayne Bacon;2021;1
526;Dwight Howard;2020;0
527;Dwight Howard;2021;0
528;Dwight Howard;2022;0
529;Dwight Powell;2020;1
530;Dwight Powell;2021;4
531;Dwight Powell;2022;1
532;Dylan Windler;2021;4
533;Dylan Windler;2022;0
534;ETwaun Moore;2020;2
535;ETwaun Moore;2021;0
536;Ed Davis;2020;0
537;Ed Davis;2021;2
538;Ed Davis;2022;0
539;Edmond Sumner;2020;1
540;Edmond Sumner;2021;3
541;Elfrid Payton;2020;3
542;Elfrid Payton;2021;3
543;Elfrid Payton;2022;4
544;Elijah Bryant;2021;1
545;Elijah Hughes;2021;0
546;Elijah Hughes;2022;4
547;Emanuel Terry;2022;0
548;Enes Kanter;2020;4
549;Enes Kanter;2021;4
550;Enes Kanter;2022;0
551;Eric Bledsoe;2020;3
552;Eric Bledsoe;2021;2
553;Eric Bledsoe;2022;2
554;Eric Gordon;2020;1
555;Eric Gordon;2021;1
556;Eric Gordon;2022;1
557;Eric Paschall;2020;0
558;Eric Paschall;2021;0
559;Eric Paschall;2022;0
560;Ersan Ilyasova;2020;4
561;Ersan Ilyasova;2021;4
562;Eugene Omoruyi;2022;0
563;Evan Fournier;2020;3
564;Evan Fournier;2021;3
565;Evan Fournier;2022;3
566;Evan Mobley;2022;1
567;Facundo Campazzo;2021;1
568;Facundo Campazzo;2022;4
569;Frank Jackson;2020;4
570;Frank Jackson;2021;1
571;Frank Jackson;2022;4
572;Frank Kaminsky;2020;0
573;Frank Kaminsky;2021;4
574;Frank Kaminsky;2022;4
575;Franz Wagner;2022;3
576;Fred VanVleet;2020;1
577;Fred VanVleet;2021;3
578;Fred VanVleet;2022;3
579;Freddie Gillespie;2021;1
580;Freddie Gillespie;2022;0
581;Furkan Korkmaz;2020;1
582;Furkan Korkmaz;2021;3
583;Furkan Korkmaz;2022;4
584;Gabe Vincent;2020;4
585;Gabe Vincent;2021;4
586;Gabe Vincent;2022;1
587;Gabriel Deck;2021;1
588;Garrett Temple;2020;1
589;Garrett Temple;2021;1
590;Garrett Temple;2022;4
591;Garrison Mathews;2020;4
592;Garrison Mathews;2021;1
593;Garrison Mathews;2022;3
594;Gary Clark;2020;4
595;Gary Clark;2021;4
596;Gary Clark;2022;4
597;Gary Harris;2020;1
598;Gary Harris;2021;3
599;Gary Harris;2022;3
600;Gary Trent;2020;4
601;Gary Trent;2021;3
602;Gary Trent;2022;1
603;George Hill;2020;1
604;George Hill;2021;3
605;George Hill;2022;0
606;Georges Niang;2020;4
607;Georges Niang;2021;4
608;Georges Niang;2022;4
609;Giannis Antetokounmpo;2020;3
610;Giannis Antetokounmpo;2021;3
611;Giannis Antetokounmpo;2022;1
612;Goga Bitadze;2020;4
613;Goga Bitadze;2021;4
614;Goga Bitadze;2022;0
615;Goran Dragic;2020;4
616;Goran Dragic;2021;4
617;Goran Dragic;2022;1
618;Gordon Hayward;2020;1
619;Gordon Hayward;2021;1
620;Gordon Hayward;2022;3
621;Gorgui Dieng;2020;4
622;Gorgui Dieng;2021;4
623;Gorgui Dieng;2022;0
624;Grant Williams;2020;1
625;Grant Williams;2021;4
626;Grant Williams;2022;4
627;Grayson Allen;2020;4
628;Grayson Allen;2021;3
629;Grayson Allen;2022;3
630;Greg BrownI;2022;1
631;Hamidou Diallo;2020;4
632;Hamidou Diallo;2021;4
633;Hamidou Diallo;2022;1
634;Harrison Barnes;2020;1
635;Harrison Barnes;2021;1
636;Harrison Barnes;2022;3
637;Harry GilesI;2020;0
638;Harry GilesI;2021;0
639;Hassan Whiteside;2020;1
640;Hassan Whiteside;2021;4
641;Hassan Whiteside;2022;4
642;Hassani Gravett;2022;1
643;Herbert Jones;2022;1
644;Ignas Brazdeikis;2020;2
645;Ignas Brazdeikis;2021;0
646;Ignas Brazdeikis;2022;0
647;Immanuel Quickley;2021;4
648;Immanuel Quickley;2022;4
649;Isaac Bonga;2020;3
650;Isaac Bonga;2021;4
651;Isaac Bonga;2022;0
652;Isaac Okoro;2021;1
653;Isaac Okoro;2022;3
654;Isaiah Hartenstein;2020;4
655;Isaiah Hartenstein;2021;0
656;Isaiah Hartenstein;2022;0
657;Isaiah Jackson;2022;0
658;Isaiah Joe;2021;4
659;Isaiah Joe;2022;4
660;Isaiah Roby;2020;2
661;Isaiah Roby;2021;4
662;Isaiah Roby;2022;4
663;Isaiah Stewart;2021;4
664;Isaiah Stewart;2022;1
665;Isaiah Todd;2022;0
666;Ish Smith;2020;1
667;Ish Smith;2021;4
668;Ish Smith;2022;4
669;Ish Wainright;2022;0
670;Ivica Zubac;2020;1
671;Ivica Zubac;2021;1
672;Ivica Zubac;2022;1
673;JJ Redick;2020;3
674;JJ Redick;2021;0
675;JT Thor;2022;4
676;Ja Morant;2020;3
677;Ja Morant;2021;3
678;Ja Morant;2022;3
679;JaMychal Green;2020;0
680;JaMychal Green;2021;4
681;JaMychal Green;2022;0
682;JaVale McGee;2020;1
683;JaVale McGee;2021;0
684;JaVale McGee;2022;4
685;Jabari Parker;2020;1
686;Jabari Parker;2021;4
687;Jabari Parker;2022;0
688;Jaden McDaniels;2020;0
689;Jaden McDaniels;2021;4
690;Jaden McDaniels;2022;4
691;Jaden Springer;2022;4
692;Jae Crowder;2020;1
693;Jae Crowder;2021;1
694;Jae Crowder;2022;1
695;JaeSean Tate;2021;1
696;JaeSean Tate;2022;3
697;Jahmius Ramsey;2021;4
698;Jahmius Ramsey;2022;4
699;Jake Layman;2020;0
700;Jake Layman;2021;4
701;Jake Layman;2022;4
702;Jakob Poeltl;2020;4
703;Jakob Poeltl;2021;1
704;Jakob Poeltl;2022;1
705;Jalen Brunson;2020;4
706;Jalen Brunson;2021;4
707;Jalen Brunson;2022;1
708;Jalen Green;2020;0
709;Jalen Green;2021;4
710;Jalen Green;2022;4
711;Jalen Johnson;2020;4
712;Jalen Johnson;2021;4
713;Jalen Johnson;2022;4
714;Jalen Suggs;2022;3
715;Jamal Murray;2020;3
716;Jamal Murray;2021;3
717;James Bouknight;2022;4
718;James EnnisI;2020;4
719;James EnnisI;2021;1
720;James EnnisI;2022;4
721;James Harden;2020;3
722;James Harden;2021;3
723;James Harden;2022;3
724;James Johnson;2020;4
725;James Johnson;2021;4
726;James Johnson;2022;4
727;James Nunnally;2021;0
728;James Wiseman;2021;1
729;Jamorko Pickett;2022;0
730;Jaren Jackson;2020;1
731;Jaren Jackson;2021;4
732;Jaren Jackson;2022;1
733;Jarred Vanderbilt;2020;0
734;Jarred Vanderbilt;2021;4
735;Jarred Vanderbilt;2022;1
736;Jarrell Brantley;2020;4
737;Jarrell Brantley;2021;4
738;Jarrett Allen;2020;1
739;Jarrett Allen;2021;4
740;Jarrett Allen;2022;1
741;Jarrett Culver;2020;1
742;Jarrett Culver;2021;0
743;Jarrett Culver;2022;0
744;Javonte Green;2020;1
745;Javonte Green;2021;1
746;Javonte Smart;2022;0
747;Jaxson Hayes;2020;0
748;Jaxson Hayes;2021;4
749;Jaxson Hayes;2022;0
750;Jay Huff;2022;4
751;Jay Scrubb;2021;4
752;Jay Scrubb;2022;0
753;Jaylen Brown;2020;3
754;Jaylen Brown;2021;3
755;Jaylen Brown;2022;3
756;Jaylen Hoard;2020;4
757;Jaylen Hoard;2021;2
758;Jaylen Nowell;2020;4
759;Jaylen Nowell;2021;4
760;Jaylen Nowell;2022;4
761;Jayson Tatum;2020;1
762;Jayson Tatum;2021;3
763;Jayson Tatum;2022;1
764;Jeff Dowtin;2022;4
765;Jeff Green;2020;4
766;Jeff Green;2021;1
767;Jeff Green;2022;1
768;Jeff Teague;2020;1
769;Jeff Teague;2021;4
770;Jerami Grant;2020;1
771;Jerami Grant;2021;1
772;Jerami Grant;2022;3
773;Jeremiah Robinson-Earl;2020;4
774;Jeremiah Robinson-Earl;2021;4
775;Jeremy Lamb;2020;3
776;Jeremy Lamb;2021;4
777;Jeremy Lamb;2022;4
778;Jevon Carter;2020;1
779;Jevon Carter;2021;0
780;Jevon Carter;2022;4
781;Jimmy Butler;2020;1
782;Jimmy Butler;2021;3
783;Jimmy Butler;2022;3
784;Jock Landale;2022;0
785;Joe Harris;2020;3
786;Joe Harris;2021;3
787;Joe Harris;2022;1
788;Joe Ingles;2020;4
789;Joe Ingles;2021;4
790;Joe Ingles;2022;4
791;Joe Wieskamp;2022;0
792;Joel Ayayi;2022;0
793;Joel Embiid;2020;1
794;Joel Embiid;2021;1
795;Joel Embiid;2022;1
796;John Collins;2020;1
797;John Collins;2021;1
798;John Collins;2022;3
799;John Konchar;2020;1
800;John Konchar;2021;4
801;John Konchar;2022;4
802;John Wall;2021;3
803;Jon Teske;2022;0
804;Jonas Valanciunas;2020;1
805;Jonas Valanciunas;2021;1
806;Jonas Valanciunas;2022;1
807;Jonathan Isaac;2020;1
808;Jonathan Kuminga;2022;4
809;Jordan Clarkson;2020;4
810;Jordan Clarkson;2021;4
811;Jordan Clarkson;2022;4
812;Jordan Goodwin;2022;4
813;Jordan McLaughlin;2020;4
814;Jordan McLaughlin;2021;4
815;Jordan McLaughlin;2022;1
816;Jordan Nwora;2021;0
817;Jordan Nwora;2022;4
818;Jordan Poole;2020;1
819;Jordan Poole;2021;4
820;Jordan Poole;2022;1
821;Jose Alvarado;2022;0
822;Josh Christopher;2022;4
823;Josh Giddey;2022;1
824;Josh Hart;2020;1
825;Josh Hart;2021;4
826;Josh Hart;2022;3
827;Josh Jackson;2021;3
828;Josh Jackson;2022;4
829;Josh Okogie;2020;1
830;Josh Okogie;2021;1
831;Josh Okogie;2022;4
832;Josh Richardson;2020;3
833;Josh Richardson;2021;3
834;Josh Richardson;2022;4
835;Joshua Primo;2022;4
836;Jrue Holiday;2020;3
837;Jrue Holiday;2021;3
838;Jrue Holiday;2022;3
839;Juan Toscano-Anderson;2020;1
840;Juan Toscano-Anderson;2021;0
841;Juan Toscano-Anderson;2022;4
842;Juancho Hernangomez;2020;0
843;Juancho Hernangomez;2021;4
844;Juancho Hernangomez;2022;3
845;Julius Randle;2020;1
846;Julius Randle;2021;1
847;Julius Randle;2022;1
848;Justin Champagnie;2022;4
849;Justin Holiday;2020;4
850;Justin Holiday;2021;1
851;Justin Holiday;2022;3
852;Justin Jackson;2020;4
853;Justin Jackson;2021;4
854;Justin Jackson;2022;4
855;Justise Winslow;2020;1
856;Justise Winslow;2021;4
857;Justise Winslow;2022;0
858;Jusuf Nurkic;2020;4
859;Jusuf Nurkic;2021;1
860;Jusuf Nurkic;2022;1
861;KZ Okpala;2020;1
862;KZ Okpala;2021;4
863;KZ Okpala;2022;4
864;Karl-Anthony Towns;2020;1
865;Karl-Anthony Towns;2021;1
866;Karl-Anthony Towns;2022;1
867;Kawhi Leonard;2020;1
868;Kawhi Leonard;2021;1
869;Keifer Sykes;2022;3
870;Keita Bates-Diop;2020;0
871;Keita Bates-Diop;2021;0
872;Keita Bates-Diop;2022;0
873;Keldon Johnson;2020;4
874;Keldon Johnson;2021;1
875;Keldon Johnson;2022;1
876;Keljin Blevins;2021;0
877;Keljin Blevins;2022;4
878;Kelly Olynyk;2020;4
879;Kelly Olynyk;2021;1
880;Kelly Olynyk;2022;0
881;Kelly Oubre;2020;3
882;Kelly Oubre;2021;3
883;Kelly Oubre;2022;4
884;Kendrick Nunn;2020;1
885;Kendrick Nunn;2021;2
886;Kenrich Williams;2020;4
887;Kenrich Williams;2021;4
888;Kenrich Williams;2022;0
889;Kent Bazemore;2020;4
890;Kent Bazemore;2021;4
891;Kent Bazemore;2022;4
892;Kentavious Caldwell-Pope;2020;1
893;Kentavious Caldwell-Pope;2021;3
894;Kentavious Caldwell-Pope;2022;3
895;Kenyon Martin;2021;0
896;Kenyon Martin;2022;4
897;Kevin Durant;2021;1
898;Kevin Durant;2022;3
899;Kevin Huerter;2020;3
900;Kevin Huerter;2021;1
901;Kevin Huerter;2022;3
902;Kevin Knox;2020;4
903;Kevin Knox;2021;0
904;Kevin Knox;2022;0
905;Kevin Love;2020;3
906;Kevin Love;2021;2
907;Kevin Love;2022;4
908;Kevin Porter;2020;4
909;Kevin Porter;2021;3
910;Kevin Porter;2022;3
911;Kevon Looney;2020;4
912;Kevon Looney;2021;4
913;Kevon Looney;2022;1
914;Khem Birch;2020;4
915;Khem Birch;2021;4
916;Khem Birch;2022;0
917;Khris Middleton;2020;3
918;Khris Middleton;2021;3
919;Khris Middleton;2022;3
920;Khyri Thomas;2020;4
921;Khyri Thomas;2021;2
922;Killian Hayes;2021;3
923;Killian Hayes;2022;3
924;Killian Tillie;2021;0
925;Killian Tillie;2022;4
926;Kira Lewis;2021;0
927;Kira Lewis;2022;4
928;Klay Thompson;2022;1
929;Kris Dunn;2020;3
930;Kris Dunn;2021;0
931;Kristaps Porzingis;2020;1
932;Kristaps Porzingis;2021;1
933;Kristaps Porzingis;2022;4
934;Kyle Anderson;2020;4
935;Kyle Anderson;2021;3
936;Kyle Anderson;2022;4
937;Kyle Guy;2020;2
938;Kyle Guy;2021;4
939;Kyle Guy;2022;4
940;Kyle Kuzma;2020;0
941;Kyle Kuzma;2021;4
942;Kyle Kuzma;2022;3
943;Kyle Lowry;2020;3
944;Kyle Lowry;2021;3
945;Kyle Lowry;2022;3
946;Kyrie Irving;2020;3
947;Kyrie Irving;2021;3
948;Kyrie Irving;2022;3
949;LaMarcus Aldridge;2021;0
950;LaMarcus Aldridge;2022;0
951;LaMelo Ball;2021;1
952;LaMelo Ball;2022;3
953;Lamar Stevens;2021;4
954;Lamar Stevens;2022;0
955;Landry Shamet;2020;1
956;Landry Shamet;2021;4
957;Landry Shamet;2022;4
958;Langston Galloway;2020;4
959;Langston Galloway;2021;0
960;Langston Galloway;2022;4
961;Larry Nance;2020;4
962;Larry Nance;2021;1
963;Larry Nance;2022;4
964;Lauri Markkanen;2020;3
965;Lauri Markkanen;2021;1
966;Lauri Markkanen;2022;1
967;LeBron James;2020;3
968;LeBron James;2021;1
969;LeBron James;2022;3
970;Lonnie Walker;2020;4
971;Lonnie Walker;2021;1
972;Lonnie Walker;2022;4
973;Lonzo Ball;2020;3
974;Lonzo Ball;2021;3
975;Lonzo Ball;2022;3
976;Lou Williams;2020;2
977;Lou Williams;2021;1
978;Lou Williams;2022;0
979;Luguentz Dort;2020;1
980;Luguentz Dort;2021;3
981;Luguentz Dort;2022;1
982;Luka Doncic;2020;3
983;Luka Doncic;2021;3
984;Luka Doncic;2022;3
985;Luka Garza;2022;4
986;Luka Samanic;2020;0
987;Luka Samanic;2021;0
988;Luke Kennard;2020;3
989;Luke Kennard;2021;1
990;Luke Kennard;2022;4
991;Luke Kornet;2020;1
992;Luke Kornet;2021;0
993;Luke Kornet;2022;0
994;Malachi Flynn;2021;1
995;Malachi Flynn;2022;0
996;Malcolm Brogdon;2020;3
997;Malcolm Brogdon;2021;3
998;Malcolm Brogdon;2022;3
999;Malik Beasley;2020;4
1000;Malik Beasley;2021;3
1001;Malik Beasley;2022;4
1002;Malik Monk;2020;4
1003;Malik Monk;2021;4
1004;Malik Monk;2022;1
1005;Mamadi Diakite;2021;4
1006;Mamadi Diakite;2022;0
1007;Marc Gasol;2020;4
1008;Marc Gasol;2021;1
1009;Marcus Garrett;2022;4
1010;Marcus Smart;2020;3
1011;Marcus Smart;2021;3
1012;Marcus Smart;2022;3
1013;Markelle Fultz;2020;3
1014;Markelle Fultz;2021;3
1015;Marko Simonovic;2022;0
1016;Marquese Chriss;2020;4
1017;Marquese Chriss;2022;0
1018;Marvin BagleyI;2020;4
1019;Marvin BagleyI;2021;1
1020;Marvin BagleyI;2022;4
1021;Mason Plumlee;2020;4
1022;Mason Plumlee;2021;1
1023;Mason Plumlee;2022;1
1024;Matisse Thybulle;2020;4
1025;Matisse Thybulle;2021;4
1026;Matisse Thybulle;2022;1
1027;Maurice Harkless;2020;1
1028;Maurice Harkless;2021;1
1029;Maurice Harkless;2022;1
1030;Max Strus;2021;4
1031;Max Strus;2022;4
1032;Maxi Kleber;2020;1
1033;Maxi Kleber;2021;1
1034;Maxi Kleber;2022;4
1035;McKinley Wright;2022;0
1036;Mfiondu Kabengele;2020;0
1037;Mfiondu Kabengele;2021;4
1038;Michael Carter-Williams;2020;4
1039;Michael Carter-Williams;2021;3
1040;Michael Porter;2020;4
1041;Michael Porter;2021;1
1042;Michael Porter;2022;1
1043;Mikal Bridges;2020;1
1044;Mikal Bridges;2021;3
1045;Mikal Bridges;2022;1
1046;Mike Conley;2020;3
1047;Mike Conley;2021;3
1048;Mike Conley;2022;3
1049;Mike James;2021;4
1050;Mike Muscala;2020;0
1051;Mike Muscala;2021;0
1052;Mike Muscala;2022;0
1053;Mike Scott;2020;0
1054;Mike Scott;2021;4
1055;Miles McBride;2022;1
1056;Mitchell Robinson;2020;4
1057;Mitchell Robinson;2021;1
1058;Mitchell Robinson;2022;4
1059;Miye Oni;2020;4
1060;Miye Oni;2021;4
1061;Miye Oni;2022;4
1062;Mo Bamba;2020;4
1063;Mo Bamba;2021;4
1064;Mo Bamba;2022;2
1065;Monte Morris;2020;4
1066;Monte Morris;2021;0
1067;Monte Morris;2022;3
1068;Montrezl Harrell;2020;0
1069;Montrezl Harrell;2021;0
1070;Montrezl Harrell;2022;0
1071;Moritz Wagner;2020;4
1072;Moritz Wagner;2021;1
1073;Moritz Wagner;2022;0
1074;Moses Brown;2020;4
1075;Moses Brown;2021;4
1076;Moses Brown;2022;0
1077;Moses Moody;2022;0
1078;Mychal Mulder;2020;4
1079;Mychal Mulder;2021;4
1080;Mychal Mulder;2022;4
1081;Myles Turner;2020;2
1082;Myles Turner;2021;1
1083;Myles Turner;2022;4
1084;Naji Marshall;2021;1
1085;Naji Marshall;2022;0
1086;Nassir Little;2020;4
1087;Nassir Little;2021;4
1088;Nassir Little;2022;1
1089;Nate Hinton;2021;0
1090;Nathan Knight;2021;0
1091;Nathan Knight;2022;0
1092;Naz Reid;2020;1
1093;Naz Reid;2021;4
1094;Naz Reid;2022;4
1095;Neemias Queta;2022;0
1096;Nemanja Bjelica;2020;1
1097;Nemanja Bjelica;2021;4
1098;Nemanja Bjelica;2022;4
1099;Nerlens Noel;2020;4
1100;Nerlens Noel;2021;4
1101;Nerlens Noel;2022;4
1102;Nick Richards;2021;0
1103;Nick Richards;2022;4
1104;Nickeil Alexander-Walker;2020;4
1105;Nickeil Alexander-Walker;2021;2
1106;Nickeil Alexander-Walker;2022;4
1107;Nicolas Batum;2020;2
1108;Nicolas Batum;2021;4
1109;Nicolas Batum;2022;1
1110;Nicolas Claxton;2020;0
1111;Nicolas Claxton;2021;0
1112;Nicolas Claxton;2022;4
1113;Nicolo Melli;2020;4
1114;Nicolo Melli;2021;4
1115;Nikola Jokic;2020;1
1116;Nikola Jokic;2021;1
1117;Nikola Jokic;2022;1
1118;Nikola Vucevic;2020;1
1119;Nikola Vucevic;2021;1
1120;Nikola Vucevic;2022;1
1121;Norman Powell;2020;1
1122;Norman Powell;2021;1
1123;Norman Powell;2022;1
1124;OG Anunoby;2020;3
1125;OG Anunoby;2021;1
1126;OG Anunoby;2022;0
1127;Obi Toppin;2021;4
1128;Obi Toppin;2022;4
1129;Omer Yurtseven;2022;0
1130;Onyeka Okongwu;2021;0
1131;Onyeka Okongwu;2022;4
1132;Oshae Brissett;2020;0
1133;Oshae Brissett;2021;1
1134;Oshae Brissett;2022;4
1135;Otto Porter;2020;4
1136;Otto Porter;2021;4
1137;Otto Porter;2022;1
1138;PJ Dozier;2020;4
1139;PJ Dozier;2021;4
1140;PJ Dozier;2022;0
1141;PJ Tucker;2020;1
1142;PJ Tucker;2021;4
1143;PJ Tucker;2022;1
1144;PJ Washington;2020;3
1145;PJ Washington;2021;3
1146;PJ Washington;2022;4
1147;Pascal Siakam;2020;1
1148;Pascal Siakam;2021;1
1149;Pascal Siakam;2022;1
1150;Pat Connaughton;2020;4
1151;Pat Connaughton;2021;0
1152;Pat Connaughton;2022;1
1153;Patrick Beverley;2020;3
1154;Patrick Beverley;2021;3
1155;Patrick Beverley;2022;1
1156;Patrick Patterson;2020;1
1157;Patrick Patterson;2021;4
1158;Patrick Williams;2021;1
1159;Patrick Williams;2022;1
1160;Patty Mills;2021;0
1161;Patty Mills;2022;4
1162;Paul George;2020;3
1163;Paul George;2021;3
1164;Paul George;2022;3
1165;Paul Millsap;2020;1
1166;Paul Millsap;2021;1
1167;Paul Millsap;2022;0
1168;Paul Reed;2021;0
1169;Paul Reed;2022;4
1170;Payton Pritchard;2021;4
1171;Payton Pritchard;2022;4
1172;Precious Achiuwa;2021;2
1173;Precious Achiuwa;2022;4
1174;Quentin Grimes;2022;2
1175;RJ Barrett;2020;3
1176;RJ Barrett;2021;3
1177;Rajon Rondo;2020;4
1178;Rajon Rondo;2021;4
1179;Rajon Rondo;2022;0
1180;Raul Neto;2020;4
1181;Raul Neto;2021;4
1182;Raul Neto;2022;4
1183;Reggie Bullock;2020;1
1184;Reggie Bullock;2021;3
1185;Reggie Bullock;2022;4
1186;Reggie Jackson;2020;1
1187;Reggie Jackson;2021;1
1188;Reggie Jackson;2022;3
1189;Reggie Perry;2021;0
1190;Richaun Holmes;2020;1
1191;Richaun Holmes;2021;1
1192;Richaun Holmes;2022;1
1193;Ricky Rubio;2020;1
1194;Ricky Rubio;2021;1
1195;Ricky Rubio;2022;2
1196;Robert Covington;2020;1
1197;Robert Covington;2021;1
1198;Robert Covington;2022;1
1199;Robert WilliamsI;2020;0
1200;Robert WilliamsI;2021;4
1201;Robert WilliamsI;2022;1
1202;Robert Woodard;2021;4
1203;Robert Woodard;2022;4
1204;Robin Lopez;2020;0
1205;Robin Lopez;2021;4
1206;Robin Lopez;2022;1
1207;Rodney Hood;2021;4
1208;Rodney Hood;2022;0
1209;Rodney McGruder;2020;4
1210;Rodney McGruder;2021;0
1211;Rodney McGruder;2022;4
1212;Romeo Langford;2020;4
1213;Romeo Langford;2021;4
1214;Romeo Langford;2022;4
1215;Rondae Hollis-Jefferson;2020;4
1216;Royce ONeale;2020;1
1217;Royce ONeale;2021;1
1218;Royce ONeale;2022;1
1219;Rudy Gay;2020;4
1220;Rudy Gay;2021;0
1221;Rudy Gay;2022;0
1222;Rudy Gobert;2020;1
1223;Rudy Gobert;2021;1
1224;Rudy Gobert;2022;1
1225;Rui Hachimura;2020;1
1226;Rui Hachimura;2021;1
1227;Rui Hachimura;2022;4
1228;Russell Westbrook;2020;3
1229;Russell Westbrook;2021;3
1230;Russell Westbrook;2022;3
1231;Saben Lee;2021;4
1232;Saben Lee;2022;4
1233;Saddiq Bey;2021;1
1234;Saddiq Bey;2022;1
1235;Sam Hauser;2022;4
1236;Sam Merrill;2021;2
1237;Sam Merrill;2022;4
1238;Sandro Mamukelashvili;2022;0
1239;Santi Aldama;2022;0
1240;Scottie Barnes;2022;3
1241;Sekou Doumbouya;2020;4
1242;Sekou Doumbouya;2021;0
1243;Sekou Doumbouya;2022;0
1244;Semi Ojeleye;2020;4
1245;Semi Ojeleye;2021;4
1246;Semi Ojeleye;2022;4
1247;Serge Ibaka;2020;4
1248;Serge Ibaka;2021;1
1249;Serge Ibaka;2022;4
1250;Seth Curry;2020;1
1251;Seth Curry;2021;3
1252;Seth Curry;2022;3
1253;Shai Gilgeous-Alexander;2020;3
1254;Shai Gilgeous-Alexander;2021;3
1255;Shai Gilgeous-Alexander;2022;3
1256;Shake Milton;2020;1
1257;Shake Milton;2021;4
1258;Shake Milton;2022;4
1259;Shaquille Harrison;2020;4
1260;Shaquille Harrison;2021;4
1261;Shaquille Harrison;2022;1
1262;Sharife Cooper;2022;4
1263;Sindarius Thornwell;2021;4
1264;Skylar Mays;2021;0
1265;Skylar Mays;2022;1
1266;Solomon Hill;2020;4
1267;Solomon Hill;2021;4
1268;Solomon Hill;2022;4
1269;Spencer Dinwiddie;2020;3
1270;Spencer Dinwiddie;2021;3
1271;Spencer Dinwiddie;2022;3
1272;Stephen Curry;2020;2
1273;Stephen Curry;2021;3
1274;Stephen Curry;2022;3
1275;Sterling Brown;2020;4
1276;Sterling Brown;2021;4
1277;Sterling Brown;2022;4
1278;Steven Adams;2020;1
1279;Steven Adams;2021;1
1280;Steven Adams;2022;1
1281;Svi Mykhailiuk;2020;1
1282;Svi Mykhailiuk;2021;4
1283;Svi Mykhailiuk;2022;4
1284;T.J. Leaf;2020;4
1285;T.J. Leaf;2021;4
1286;T.J. McConnell;2020;1
1287;T.J. McConnell;2021;2
1288;T.J. McConnell;2022;1
1289;T.J. Warren;2020;1
1290;T.J. Warren;2021;3
1291;Tacko Fall;2020;0
1292;Tacko Fall;2021;0
1293;Tacko Fall;2022;4
1294;Taj Gibson;2020;4
1295;Taj Gibson;2021;0
1296;Taj Gibson;2022;0
1297;Talen Horton-Tucker;2020;2
1298;Talen Horton-Tucker;2021;4
1299;Talen Horton-Tucker;2022;3
1300;Terance Mann;2020;1
1301;Terance Mann;2021;4
1302;Terance Mann;2022;1
1303;Terence Davis;2020;4
1304;Terence Davis;2021;4
1305;Terence Davis;2022;3
1306;Terrence Ross;2020;4
1307;Terrence Ross;2021;4
1308;Terrence Ross;2022;4
1309;Terry Rozier;2020;3
1310;Terry Rozier;2021;3
1311;Terry Rozier;2022;3
1312;Terry Taylor;2022;1
1313;Thaddeus Young;2020;4
1314;Thaddeus Young;2021;4
1315;Thaddeus Young;2022;0
1316;Thanasis Antetokounmpo;2020;2
1317;Thanasis Antetokounmpo;2021;0
1318;Thanasis Antetokounmpo;2022;4
1319;Theo Maledon;2021;3
1320;Theo Maledon;2022;4
1321;Thomas Bryant;2020;2
1322;Thomas Bryant;2021;1
1323;Thomas Bryant;2022;2
1324;Tim Hardaway;2020;1
1325;Tim Hardaway;2021;4
1326;Tim Hardaway;2022;1
1327;Timothe Luwawu-Cabarrot;2020;4
1328;Timothe Luwawu-Cabarrot;2021;4
1329;Timothe Luwawu-Cabarrot;2022;4
1330;Tobias Harris;2020;1
1331;Tobias Harris;2021;1
1332;Tobias Harris;2022;1
1333;Tomas Satoransky;2020;1
1334;Tomas Satoransky;2021;4
1335;Tomas Satoransky;2022;0
1336;Tony Bradley;2020;0
1337;Tony Bradley;2021;4
1338;Tony Bradley;2022;0
1339;Tony Snell;2020;1
1340;Tony Snell;2021;4
1341;Tony Snell;2022;4
1342;Torrey Craig;2020;4
1343;Torrey Craig;2021;4
1344;Torrey Craig;2022;0
1345;Trae Young;2020;3
1346;Trae Young;2021;3
1347;Trae Young;2022;3
1348;Tre Jones;2021;4
1349;Tre Jones;2022;1
1350;Tre Mann;2022;4
1351;Tremont Waters;2020;2
1352;Tremont Waters;2021;4
1353;Trendon Watford;2022;4
1354;Trent Forrest;2021;0
1355;Trent Forrest;2022;4
1356;Trevor Ariza;2020;4
1357;Trevor Ariza;2021;1
1358;Trevor Ariza;2022;4
1359;Trey Burke;2020;4
1360;Trey Burke;2021;4
1361;Trey Burke;2022;0
1362;Trey Lyles;2020;1
1363;Trey Lyles;2021;1
1364;Trey Lyles;2022;0
1365;Tristan Thompson;2020;1
1366;Tristan Thompson;2021;1
1367;Tristan Thompson;2022;0
1368;Troy Brown;2020;1
1369;Troy Brown;2021;0
1370;Troy Brown;2022;0
1371;Ty Jerome;2020;4
1372;Ty Jerome;2021;4
1373;Ty Jerome;2022;4
1374;Tyler Bey;2021;4
1375;Tyler Cook;2021;0
1376;Tyler Cook;2022;0
1377;Tyler Herro;2020;1
1378;Tyler Herro;2021;3
1379;Tyler Herro;2022;0
1380;Tyler Johnson;2020;4
1381;Tyler Johnson;2021;0
1382;Tyrell Terry;2021;1
1383;Tyrell Terry;2022;2
1384;Tyrese Haliburton;2021;1
1385;Tyrese Haliburton;2022;3
1386;Tyrese Maxey;2021;4
1387;Tyrese Maxey;2022;3
1388;Tyus Jones;2020;1
1389;Tyus Jones;2021;4
1390;Tyus Jones;2022;1
1391;Udoka Azubuike;2021;0
1392;Udoka Azubuike;2022;4
1393;Udonis Haslem;2021;0
1394;Udonis Haslem;2022;0
1395;Usman Garuba;2022;4
1396;Vernon Carey;2021;4
1397;Vernon Carey;2022;0
1398;Victor Oladipo;2020;3
1399;Victor Oladipo;2021;3
1400;Vit Krejci;2022;0
1401;Vlatko Cancar;2020;0
1402;Vlatko Cancar;2021;0
1403;Vlatko Cancar;2022;0
1404;Wayne Ellington;2020;4
1405;Wayne Ellington;2021;1
1406;Wayne Ellington;2022;2
1407;Wendell Carter;2020;1
1408;Wendell Carter;2021;1
1409;Wendell Carter;2022;1
1410;Wenyen Gabriel;2020;4
1411;Wenyen Gabriel;2021;0
1412;Wenyen Gabriel;2022;4
1413;Wes Iwundu;2020;4
1414;Wes Iwundu;2021;4
1415;Wes Iwundu;2022;0
1416;Wesley Matthews;2020;3
1417;Wesley Matthews;2021;4
1418;Wesley Matthews;2022;1
1419;Will Barton;2020;1
1420;Will Barton;2021;3
1421;Will Barton;2022;1
1422;Willie Cauley-Stein;2020;1
1423;Willie Cauley-Stein;2021;1
1424;Willie Cauley-Stein;2022;4
1425;Willy Hernangomez;2020;4
1426;Willy Hernangomez;2021;4
1427;Willy Hernangomez;2022;4
1428;Xavier Tillman;2021;4
1429;Xavier Tillman;2022;4
1430;Yuta Watanabe;2020;1
1431;Yuta Watanabe;2021;4
1432;Yuta Watanabe;2022;0
1433;Yves Pons;2022;4
1434;Zach Collins;2020;1
1435;Zach LaVine;2021;3
1436;Zach LaVine;2022;3
1437;Zeke Nnaji;2021;0
1438;Zeke Nnaji;2022;4
1439;Ziaire Williams;2020;2
1440;Ziaire Williams;2021;3
1441;Zion Williamson;2020;1
1442;Zion Williamson;2021;1
