,Rk,G,Date,Age,Tm,Unnamed: 5,Opp,Unnamed: 7,GS,MP,FG,FGA,FG%,3P,3PA,3P%,FT,FTA,FT%,ORB,DRB,TRB,AST,STL,BLK,TOV,PF,PTS,GmSc,+/-,url,joueur,annee
0,1,1.0,2021-10-19,34-241,BRK,@,MIL,L (-23),0,20:43,0,2,0.0,0.0,1.0,0.0,1,2,0.5,0.0,0.0,0,2,0.0,1.0,0.0,3,1,0.1,-6,https://www.basketball-reference.com/players/a/johnsja01/gamelog/2022,johnsja01,2022
0,1,1.0,2021-10-20,24-361,BOS,@,NYK,L (-4),1,45:58,16,30,0.5329999999999999,8.0,14.0,0.5710000000000001,6,8,0.75,0.0,9.0,9,6,3.0,1.0,4.0,5,46,35.2,16,https://www.basketball-reference.com/players/a/brownja02/gamelog/2022,brownja02,2022
0,1,,2021-10-20,23-066,BOS,@,NYK,L (-4),Did Not Play,Did Not Play,Did Not Play,Did Not Play,Did Not Play,,,,Did Not Play,Did Not Play,Did Not Play,,,Did Not Play,Did Not Play,,,,Did Not Play,Did Not Play,Did Not Play,Did Not Play,https://www.basketball-reference.com/players/a/fernabr01/gamelog/2022,fernabr01,2022
0,1,,2021-10-20,23-316,BOS,@,NYK,L (-4),Did Not Play,Did Not Play,Did Not Play,Did Not Play,Did Not Play,,,,Did Not Play,Did Not Play,Did Not Play,,,Did Not Play,Did Not Play,,,,Did Not Play,Did Not Play,Did Not Play,Did Not Play,https://www.basketball-reference.com/players/a/hausesa01/gamelog/2022,hausesa01,2022
0,1,,2021-10-20,35-139,BOS,@,NYK,L (-4),Inactive,Inactive,Inactive,Inactive,Inactive,,,,Inactive,Inactive,Inactive,,,Inactive,Inactive,,,,Inactive,Inactive,Inactive,Inactive,https://www.basketball-reference.com/players/a/horfoal01/gamelog/2022,horfoal01,2022
0,1,,2021-10-20,29-153,BOS,@,NYK,L (-4),Did Not Play,Did Not Play,Did Not Play,Did Not Play,Did Not Play,,,,Did Not Play,Did Not Play,Did Not Play,,,Did Not Play,Did Not Play,,,,Did Not Play,Did Not Play,Did Not Play,Did Not Play,https://www.basketball-reference.com/players/a/kanteen01/gamelog/2022,kanteen01,2022
0,1,1.0,2021-10-20,21-360,BOS,@,NYK,L (-4),0,22:36,4,6,0.667,2.0,3.0,0.667,0,0,,2.0,1.0,3,0,1.0,0.0,3.0,2,10,6.3,-14,https://www.basketball-reference.com/players/a/langfro01/gamelog/2022,langfro01,2022
0,1,1.0,2021-10-20,22-004,BOS,@,NYK,L (-4),0,11:19,0,4,0.0,0.0,3.0,0.0,0,0,,1.0,1.0,2,1,0.0,0.0,0.0,2,0,-1.9,-14,https://www.basketball-reference.com/players/a/nesmiaa01/gamelog/2022,nesmiaa01,2022
0,1,,2021-10-20,26-219,BOS,@,NYK,L (-4),Did Not Play,Did Not Play,Did Not Play,Did Not Play,Did Not Play,,,,Did Not Play,Did Not Play,Did Not Play,,,Did Not Play,Did Not Play,,,,Did Not Play,Did Not Play,Did Not Play,Did Not Play,https://www.basketball-reference.com/players/a/parkeja01/gamelog/2022,parkeja01,2022
0,1,1.0,2021-10-20,23-265,BOS,@,NYK,L (-4),0,11:17,0,3,0.0,0.0,2.0,0.0,0,0,,3.0,2.0,5,2,0.0,1.0,0.0,1,0,2.3,4,https://www.basketball-reference.com/players/a/pritcpa01/gamelog/2022,pritcpa01,2022
0,1,,2021-10-20,28-035,BOS,@,NYK,L (-4),Inactive,Inactive,Inactive,Inactive,Inactive,,,,Inactive,Inactive,Inactive,,,Inactive,Inactive,,,,Inactive,Inactive,Inactive,Inactive,https://www.basketball-reference.com/players/a/richajo01/gamelog/2022,richajo01,2022
0,1,1.0,2021-10-20,28-035,BOS,@,NYK,L (-4),0,32:00,5,16,0.313,1.0,4.0,0.25,1,2,0.5,2.0,1.0,3,8,2.0,0.0,2.0,3,12,8.5,-16,https://www.basketball-reference.com/players/a/schrode01/gamelog/2022,schrode01,2022
0,1,1.0,2021-10-20,27-228,BOS,@,NYK,L (-4),1,45:55,5,14,0.35700000000000004,5.0,11.0,0.455,0,0,,0.0,8.0,8,6,2.0,0.0,4.0,3,15,10.6,1,https://www.basketball-reference.com/players/a/smartma01/gamelog/2022,smartma01,2022
0,1,1.0,2021-10-20,23-231,BOS,@,NYK,L (-4),1,44:37,7,30,0.233,2.0,15.0,0.133,4,5,0.8,4.0,7.0,11,4,1.0,1.0,3.0,2,20,7.0,-3,https://www.basketball-reference.com/players/a/tatumja01/gamelog/2022,tatumja01,2022
0,1,1.0,2021-10-20,22-324,BOS,@,NYK,L (-4),1,31:29,6,9,0.667,3.0,5.0,0.6,0,0,,0.0,5.0,5,4,1.0,1.0,2.0,5,15,13.1,-5,https://www.basketball-reference.com/players/a/willigr01/gamelog/2022,willigr01,2022
0,1,1.0,2021-10-20,24-003,BOS,@,NYK,L (-4),1,44:49,5,5,1.0,0.0,0.0,,6,8,0.75,3.0,7.0,10,3,3.0,5.0,0.0,1,16,26.1,11,https://www.basketball-reference.com/players/a/williro04/gamelog/2022,williro04,2022
0,1,1.0,2021-10-19,36-092,BRK,@,MIL,L (-23),0,15:42,0,2,0.0,0.0,0.0,,1,4,0.25,0.0,3.0,3,1,0.0,1.0,1.0,2,1,-1.1,2,https://www.basketball-reference.com/players/a/aldrila01/gamelog/2022,aldrila01,2022
0,1,1.0,2021-10-19,27-107,BRK,@,MIL,L (-23),0,3:45,0,0,,0.0,0.0,,0,0,,0.0,0.0,0,0,0.0,0.0,0.0,0,0,0.0,-9,https://www.basketball-reference.com/players/a/bembrde01/gamelog/2022,bembrde01,2022
0,1,1.0,2021-10-19,25-065,BRK,@,MIL,L (-23),0,3:45,0,0,,0.0,0.0,,0,0,,0.0,1.0,1,0,0.0,1.0,0.0,0,0,1.0,-9,https://www.basketball-reference.com/players/a/brownbr01/gamelog/2022,brownbr01,2022
0,1,1.0,2021-10-19,26-035,BRK,@,MIL,L (-23),0,18:57,0,3,0.0,0.0,2.0,0.0,0,0,,0.0,2.0,2,0,0.0,0.0,1.0,1,0,-2.9,-29,https://www.basketball-reference.com/players/a/carteje01/gamelog/2022,carteje01,2022
0,1,1.0,2021-10-19,22-185,BRK,@,MIL,L (-23),1,24:10,6,9,0.667,0.0,0.0,,0,3,0.0,0.0,7.0,7,0,0.0,0.0,0.0,3,12,7.8,-15,https://www.basketball-reference.com/players/a/claxtni01/gamelog/2022,claxtni01,2022
0,1,,2021-10-19,20-300,LAL,,GSW,L (-7),Did Not Play,Did Not Play,Did Not Play,Did Not Play,Did Not Play,,,,Did Not Play,Did Not Play,Did Not Play,,,Did Not Play,Did Not Play,,,,Did Not Play,Did Not Play,Did Not Play,Did Not Play,https://www.basketball-reference.com/players/a/doumbse01/gamelog/2022,doumbse01,2022
0,1,,2021-10-19,22-006,BRK,@,MIL,L (-23),Did Not Play,Did Not Play,Did Not Play,Did Not Play,Did Not Play,,,,Did Not Play,Did Not Play,Did Not Play,,,Did Not Play,Did Not Play,,,,Did Not Play,Did Not Play,Did Not Play,Did Not Play,https://www.basketball-reference.com/players/a/dukeda01/gamelog/2022,dukeda01,2022
0,1,1.0,2021-10-19,33-020,BRK,@,MIL,L (-23),1,30:15,13,25,0.52,3.0,7.0,0.429,3,6,0.5,0.0,11.0,11,4,0.0,2.0,1.0,2,32,24.2,-20,https://www.basketball-reference.com/players/a/duranke01/gamelog/2022,duranke01,2022
0,1,1.0,2021-10-19,32-217,BRK,@,MIL,L (-23),1,22:59,2,5,0.4,0.0,1.0,0.0,2,2,1.0,1.0,4.0,5,0,1.0,0.0,1.0,1,6,4.8,-6,https://www.basketball-reference.com/players/a/griffbl01/gamelog/2022,griffbl01,2022
0,1,1.0,2021-10-19,32-054,BRK,@,MIL,L (-23),1,30:38,6,16,0.375,4.0,8.0,0.5,4,4,1.0,3.0,5.0,8,8,1.0,2.0,4.0,3,20,17.6,-20,https://www.basketball-reference.com/players/a/hardeja01/gamelog/2022,hardeja01,2022
0,1,1.0,2021-10-19,30-043,BRK,@,MIL,L (-23),1,30:46,3,9,0.33299999999999996,3.0,5.0,0.6,0,0,,0.0,2.0,2,2,0.0,0.0,2.0,1,9,3.5,0,https://www.basketball-reference.com/players/a/harrijo01/gamelog/2022,harrijo01,2022
0,1,,2021-10-19,29-210,BRK,@,MIL,L (-23),Inactive,Inactive,Inactive,Inactive,Inactive,,,,Inactive,Inactive,Inactive,,,Inactive,Inactive,,,,Inactive,Inactive,Inactive,Inactive,https://www.basketball-reference.com/players/a/irvinky01/gamelog/2022,irvinky01,2022
0,1,1.0,2021-10-19,34-241,BRK,@,MIL,L (-23),0,20:43,0,2,0.0,0.0,1.0,0.0,1,2,0.5,0.0,0.0,0,2,0.0,1.0,0.0,3,1,0.1,-6,https://www.basketball-reference.com/players/a/johnsja01/gamelog/2022,johnsja01,2022
0,1,1.0,2021-10-19,36-251,BRK,@,MIL,L (-23),0,5:13,0,0,,0.0,0.0,,0,0,,1.0,2.0,3,0,0.0,1.0,1.0,0,0,1.0,-1,https://www.basketball-reference.com/players/a/millspa01/gamelog/2022,millspa01,2022
0,1,1.0,2021-10-19,36-251,BRK,@,MIL,L (-23),0,5:13,0,0,,0.0,0.0,,0,0,,1.0,2.0,3,0,0.0,1.0,1.0,0,0,1.0,-1,https://www.basketball-reference.com/players/a/millspa01/gamelog/2022,millspa01,2022
0,1,,2021-10-19,19-347,BRK,@,MIL,L (-23),Inactive,Inactive,Inactive,Inactive,Inactive,,,,Inactive,Inactive,Inactive,,,Inactive,Inactive,,,,Inactive,Inactive,Inactive,Inactive,https://www.basketball-reference.com/players/a/sharpda01/gamelog/2022,sharpda01,2022
0,1,1.0,2021-10-20,23-358,CHI,@,DET,W (+6),1,33:22,5,12,0.41700000000000004,2.0,6.0,0.33299999999999996,0,0,,3.0,3.0,6,4,0.0,1.0,4.0,0,12,8.1,17,https://www.basketball-reference.com/players/a/balllo01/gamelog/2022,balllo01,2022
0,1,,2021-10-20,23-285,CHI,@,DET,W (+6),Did Not Play,Did Not Play,Did Not Play,Did Not Play,Did Not Play,,,,Did Not Play,Did Not Play,Did Not Play,,,Did Not Play,Did Not Play,,,,Did Not Play,Did Not Play,Did Not Play,Did Not Play,https://www.basketball-reference.com/players/a/bradlto01/gamelog/2022,bradlto01,2022
0,1,1.0,2021-10-20,22-084,CHI,@,DET,W (+6),0,4:10,0,0,,0.0,0.0,,0,0,,0.0,0.0,0,0,0.0,0.0,0.0,3,0,-1.2,-6,https://www.basketball-reference.com/players/a/browntr01/gamelog/2022,browntr01,2022
0,1,1.0,2021-10-20,27-234,CHI,@,DET,W (+6),0,27:08,1,5,0.2,1.0,3.0,0.33299999999999996,0,0,,0.0,3.0,3,3,4.0,2.0,2.0,5,3,4.3,-11,https://www.basketball-reference.com/players/a/carusal01/gamelog/2022,carusal01,2022
0,1,,2021-10-20,24-027,CHI,@,DET,W (+6),Inactive,Inactive,Inactive,Inactive,Inactive,,,,Inactive,Inactive,Inactive,,,Inactive,Inactive,,,,Inactive,Inactive,Inactive,Inactive,https://www.basketball-reference.com/players/a/cookty01/gamelog/2022,cookty01,2022
0,1,1.0,2021-10-20,32-074,CHI,@,DET,W (+6),1,37:46,8,17,0.47100000000000003,1.0,1.0,1.0,0,2,0.0,0.0,7.0,7,2,3.0,0.0,2.0,2,17,11.2,5,https://www.basketball-reference.com/players/a/derozde01/gamelog/2022,derozde01,2022
0,1,1.0,2021-10-20,21-276,CHI,@,DET,W (+6),0,11:12,3,8,0.375,1.0,3.0,0.33299999999999996,0,0,,0.0,2.0,2,0,0.0,1.0,1.0,1,7,2.5,7,https://www.basketball-reference.com/players/a/dosunay01/gamelog/2022,dosunay01,2022
0,1,,2021-10-20,22-079,CHI,@,DET,W (+6),Inactive,Inactive,Inactive,Inactive,Inactive,,,,Inactive,Inactive,Inactive,,,Inactive,Inactive,,,,Inactive,Inactive,Inactive,Inactive,https://www.basketball-reference.com/players/a/dotsode01/gamelog/2022,dotsode01,2022
0,1,1.0,2021-10-20,31-121,DEN,@,PHO,W (+12),0,13:17,1,4,0.25,0.0,2.0,0.0,0,0,,0.0,2.0,2,0,1.0,0.0,2.0,3,2,-2.0,-16,https://www.basketball-reference.com/players/a/greenja01/gamelog/2022,greenja01,2022
0,1,1.0,2021-10-20,25-181,CHI,@,DET,W (+6),0,11:54,0,2,0.0,0.0,0.0,,0,0,,1.0,3.0,4,0,0.0,0.0,2.0,3,0,-3.0,-7,https://www.basketball-reference.com/players/a/johnsal02/gamelog/2022,johnsal02,2022
0,1,,2021-10-20,24-247,CHI,@,DET,W (+6),Did Not Play,Did Not Play,Did Not Play,Did Not Play,Did Not Play,,,,Did Not Play,Did Not Play,Did Not Play,,,Did Not Play,Did Not Play,,,,Did Not Play,Did Not Play,Did Not Play,Did Not Play,https://www.basketball-reference.com/players/a/jonesde02/gamelog/2022,jonesde02,2022
0,1,1.0,2021-10-20,26-224,CHI,@,DET,W (+6),1,35:20,11,17,0.647,1.0,5.0,0.2,11,11,1.0,0.0,7.0,7,4,1.0,1.0,2.0,2,34,30.3,8,https://www.basketball-reference.com/players/a/lavinza01/gamelog/2022,lavinza01,2022
0,1,,2021-10-20,22-005,CHI,@,DET,W (+6),Did Not Play,Did Not Play,Did Not Play,Did Not Play,Did Not Play,,,,Did Not Play,Did Not Play,Did Not Play,,,Did Not Play,Did Not Play,,,,Did Not Play,Did Not Play,Did Not Play,Did Not Play,https://www.basketball-reference.com/players/a/simonma01/gamelog/2022,simonma01,2022
0,1,1.0,2021-10-20,30-361,CHI,@,DET,W (+6),1,35:53,7,21,0.33299999999999996,1.0,4.0,0.25,0,0,,5.0,10.0,15,4,0.0,0.0,3.0,1,15,9.0,13,https://www.basketball-reference.com/players/a/vucevni01/gamelog/2022,vucevni01,2022
0,1,,2021-10-20,21-246,CHI,@,DET,W (+6),Inactive,Inactive,Inactive,Inactive,Inactive,,,,Inactive,Inactive,Inactive,,,Inactive,Inactive,,,,Inactive,Inactive,Inactive,Inactive,https://www.basketball-reference.com/players/a/whiteco01/gamelog/2022,whiteco01,2022
0,1,1.0,2021-10-20,20-055,CHI,@,DET,W (+6),1,28:26,2,3,0.667,0.0,0.0,,2,2,1.0,0.0,1.0,1,0,0.0,0.0,1.0,2,6,3.2,12,https://www.basketball-reference.com/players/a/willipa01/gamelog/2022,willipa01,2022
0,1,1.0,2021-10-20,20-059,CHO,,IND,W (+1),1,28:57,11,23,0.478,7.0,9.0,0.778,2,2,1.0,2.0,7.0,9,7,2.0,0.0,2.0,3,31,26.5,0,https://www.basketball-reference.com/players/a/ballla01/gamelog/2022,ballla01,2022
0,1,,2021-10-20,21-032,CHO,,IND,W (+1),Did Not Play,Did Not Play,Did Not Play,Did Not Play,Did Not Play,,,,Did Not Play,Did Not Play,Did Not Play,,,Did Not Play,Did Not Play,,,,Did Not Play,Did Not Play,Did Not Play,Did Not Play,https://www.basketball-reference.com/players/a/bouknja01/gamelog/2022,bouknja01,2022
0,1,1.0,2021-10-20,25-051,PHO,,DEN,L (-12),1,33:31,7,16,0.43799999999999994,2.0,6.0,0.33299999999999996,0,2,0.0,1.0,4.0,5,0,1.0,1.0,1.0,2,16,8.6,-21,https://www.basketball-reference.com/players/a/bridgmi01/gamelog/2022,bridgmi01,2022
0,1,,2021-10-20,20-237,CHO,,IND,W (+1),Did Not Play,Did Not Play,Did Not Play,Did Not Play,Did Not Play,,,,Did Not Play,Did Not Play,Did Not Play,,,Did Not Play,Did Not Play,,,,Did Not Play,Did Not Play,Did Not Play,Did Not Play,https://www.basketball-reference.com/players/a/careyve01/gamelog/2022,careyve01,2022
0,1,1.0,2021-10-20,31-211,CHO,,IND,W (+1),1,35:15,10,22,0.455,2.0,4.0,0.5,5,8,0.625,0.0,5.0,5,3,1.0,0.0,3.0,3,27,14.8,12,https://www.basketball-reference.com/players/a/haywago01/gamelog/2022,haywago01,2022
0,1,,2021-10-20,20-274,CHO,,IND,W (+1),Did Not Play,Did Not Play,Did Not Play,Did Not Play,Did Not Play,,,,Did Not Play,Did Not Play,Did Not Play,,,Did Not Play,Did Not Play,,,,Did Not Play,Did Not Play,Did Not Play,Did Not Play,https://www.basketball-reference.com/players/a/joneska01/gamelog/2022,joneska01,2022
0,1,,2021-10-20,23-289,CHO,,IND,W (+1),Did Not Play,Did Not Play,Did Not Play,Did Not Play,Did Not Play,,,,Did Not Play,Did Not Play,Did Not Play,,,Did Not Play,Did Not Play,,,,Did Not Play,Did Not Play,Did Not Play,Did Not Play,https://www.basketball-reference.com/players/a/kulboar01/gamelog/2022,kulboar01,2022
0,1,,2021-10-20,21-222,CHO,,IND,W (+1),Inactive,Inactive,Inactive,Inactive,Inactive,,,,Inactive,Inactive,Inactive,,,Inactive,Inactive,,,,Inactive,Inactive,Inactive,Inactive,https://www.basketball-reference.com/players/a/lewissc01/gamelog/2022,lewissc01,2022
0,1,1.0,2021-10-20,26-022,CHO,,IND,W (+1),0,23:38,4,5,0.8,0.0,1.0,0.0,2,2,1.0,2.0,4.0,6,0,1.0,1.0,0.0,1,10,12.0,-6,https://www.basketball-reference.com/players/a/martico01/gamelog/2022,martico01,2022
0,1,1.0,2021-10-20,23-262,CHO,,IND,W (+1),0,10:54,0,1,0.0,0.0,1.0,0.0,1,2,0.5,0.0,0.0,0,1,1.0,0.0,0.0,1,1,1.2,-10,https://www.basketball-reference.com/players/a/mcdanja01/gamelog/2022,mcdanja01,2022
0,1,1.0,2021-10-20,25-315,CHO,,IND,W (+1),1,34:58,5,17,0.294,2.0,9.0,0.222,2,2,1.0,0.0,3.0,3,1,0.0,0.0,0.0,4,14,4.1,1,https://www.basketball-reference.com/players/a/oubreke01/gamelog/2022,oubreke01,2022
0,1,1.0,2021-10-20,31-229,CHO,,IND,W (+1),1,32:27,4,10,0.4,0.0,0.0,,0,3,0.0,4.0,6.0,10,5,0.0,1.0,0.0,3,8,9.0,4,https://www.basketball-reference.com/players/a/plumlma01/gamelog/2022,plumlma01,2022
0,1,,2021-10-20,23-325,CHO,,IND,W (+1),Did Not Play,Did Not Play,Did Not Play,Did Not Play,Did Not Play,,,,Did Not Play,Did Not Play,Did Not Play,,,Did Not Play,Did Not Play,,,,Did Not Play,Did Not Play,Did Not Play,Did Not Play,https://www.basketball-reference.com/players/a/richani01/gamelog/2022,richani01,2022
0,1,,2021-10-20,27-217,CHO,,IND,W (+1),Inactive,Inactive,Inactive,Inactive,Inactive,,,,Inactive,Inactive,Inactive,,,Inactive,Inactive,,,,Inactive,Inactive,Inactive,Inactive,https://www.basketball-reference.com/players/a/roziete01/gamelog/2022,roziete01,2022
0,1,1.0,2021-10-20,33-107,CHO,,IND,W (+1),0,21:27,7,14,0.5,0.0,0.0,,0,2,0.0,0.0,0.0,0,5,1.0,1.0,0.0,1,14,11.0,-1,https://www.basketball-reference.com/players/a/smithis01/gamelog/2022,smithis01,2022
0,1,,2021-10-20,19-055,CHO,,IND,W (+1),Did Not Play,Did Not Play,Did Not Play,Did Not Play,Did Not Play,,,,Did Not Play,Did Not Play,Did Not Play,,,Did Not Play,Did Not Play,,,,Did Not Play,Did Not Play,Did Not Play,Did Not Play,https://www.basketball-reference.com/players/a/thorjt01/gamelog/2022,thorjt01,2022
0,1,1.0,2021-10-20,23-058,CHO,,IND,W (+1),0,19:27,1,7,0.14300000000000002,1.0,3.0,0.33299999999999996,2,2,1.0,3.0,2.0,5,3,0.0,1.0,0.0,1,5,5.6,-10,https://www.basketball-reference.com/players/a/washipj01/gamelog/2022,washipj01,2022
0,1,,2021-10-20,22-092,IND,@,CHO,L (-1),Did Not Play,Did Not Play,Did Not Play,Did Not Play,Did Not Play,,,,Did Not Play,Did Not Play,Did Not Play,,,Did Not Play,Did Not Play,,,,Did Not Play,Did Not Play,Did Not Play,Did Not Play,https://www.basketball-reference.com/players/a/bitadgo01/gamelog/2022,bitadgo01,2022
0,1,,2021-10-20,23-122,IND,@,CHO,L (-1),Did Not Play,Did Not Play,Did Not Play,Did Not Play,Did Not Play,,,,Did Not Play,Did Not Play,Did Not Play,,,Did Not Play,Did Not Play,,,,Did Not Play,Did Not Play,Did Not Play,Did Not Play,https://www.basketball-reference.com/players/a/brissos01/gamelog/2022,brissos01,2022
0,1,1.0,2021-10-20,28-313,IND,@,CHO,L (-1),1,40:18,8,20,0.4,3.0,10.0,0.3,9,9,1.0,0.0,4.0,4,11,0.0,1.0,1.0,2,28,25.0,0,https://www.basketball-reference.com/players/a/brogdma01/gamelog/2022,brogdma01,2022
0,1,1.0,2021-10-20,30-305,IND,@,CHO,L (-1),0,27:48,1,4,0.25,1.0,4.0,0.25,2,2,1.0,3.0,5.0,8,3,0.0,1.0,1.0,4,5,6.4,-3,https://www.basketball-reference.com/players/a/craigto01/gamelog/2022,craigto01,2022
0,1,1.0,2021-10-20,24-129,IND,@,CHO,L (-1),1,32:42,9,15,0.6,6.0,9.0,0.667,3,3,1.0,0.0,5.0,5,1,1.0,0.0,1.0,4,27,20.7,7,https://www.basketball-reference.com/players/a/duartch01/gamelog/2022,duartch01,2022
0,1,1.0,2021-10-20,32-198,IND,@,CHO,L (-1),1,25:43,4,10,0.4,1.0,7.0,0.14300000000000002,2,2,1.0,1.0,6.0,7,4,0.0,0.0,0.0,3,11,9.7,3,https://www.basketball-reference.com/players/a/holidju01/gamelog/2022,holidju01,2022
0,1,,2021-10-20,19-283,IND,@,CHO,L (-1),Did Not Play,Did Not Play,Did Not Play,Did Not Play,Did Not Play,,,,Did Not Play,Did Not Play,Did Not Play,,,Did Not Play,Did Not Play,,,,Did Not Play,Did Not Play,Did Not Play,Did Not Play,https://www.basketball-reference.com/players/a/jacksis01/gamelog/2022,jacksis01,2022
0,1,1.0,2021-10-20,29-143,IND,@,CHO,L (-1),0,24:14,1,9,0.111,1.0,6.0,0.16699999999999998,0,0,,0.0,2.0,2,0,0.0,2.0,2.0,2,3,-3.7,5,https://www.basketball-reference.com/players/a/lambje01/gamelog/2022,lambje01,2022
0,1,,2021-10-20,27-056,IND,@,CHO,L (-1),Inactive,Inactive,Inactive,Inactive,Inactive,,,,Inactive,Inactive,Inactive,,,Inactive,Inactive,,,,Inactive,Inactive,Inactive,Inactive,https://www.basketball-reference.com/players/a/leverca01/gamelog/2022,leverca01,2022
0,1,1.0,2021-10-20,29-209,IND,@,CHO,L (-1),0,24:07,3,7,0.429,0.0,2.0,0.0,0,0,,0.0,3.0,3,7,1.0,2.0,1.0,1,6,9.1,-8,https://www.basketball-reference.com/players/a/mccontj01/gamelog/2022,mccontj01,2022
0,1,1.0,2021-10-20,25-170,IND,@,CHO,L (-1),1,39:19,13,19,0.684,4.0,6.0,0.667,3,4,0.75,3.0,12.0,15,2,0.0,0.0,6.0,4,33,24.0,-1,https://www.basketball-reference.com/players/a/sabondo01/gamelog/2022,sabondo01,2022
0,1,1.0,2021-10-20,25-210,IND,@,CHO,L (-1),1,25:49,3,6,0.5,1.0,3.0,0.33299999999999996,2,4,0.5,1.0,6.0,7,1,0.0,4.0,4.0,4,9,5.6,-8,https://www.basketball-reference.com/players/a/turnemy01/gamelog/2022,turnemy01,2022
0,1,,2021-10-20,28-045,IND,@,CHO,L (-1),Inactive,Inactive,Inactive,Inactive,Inactive,,,,Inactive,Inactive,Inactive,,,Inactive,Inactive,,,,Inactive,Inactive,Inactive,Inactive,https://www.basketball-reference.com/players/a/warretj01/gamelog/2022,warretj01,2022
0,1,1.0,2021-10-20,20-290,WAS,@,TOR,W (+15),0,20:52,3,3,1.0,1.0,1.0,1.0,1,2,0.5,2.0,5.0,7,1,2.0,2.0,1.0,1,8,12.3,13,https://www.basketball-reference.com/players/a/avdijde01/gamelog/2022,avdijde01,2022
0,1,1.0,2021-10-20,28-114,WAS,@,TOR,W (+15),1,34:06,7,19,0.368,1.0,6.0,0.16699999999999998,8,8,1.0,0.0,3.0,3,4,4.0,0.0,4.0,2,23,15.4,24,https://www.basketball-reference.com/players/a/bealbr01/gamelog/2022,bealbr01,2022
0,1,1.0,2021-10-20,28-342,WAS,@,TOR,W (+15),0,13:22,0,3,0.0,0.0,3.0,0.0,0,0,,0.0,0.0,0,2,0.0,0.0,0.0,3,0,-1.9,-7,https://www.basketball-reference.com/players/a/bertada01/gamelog/2022,bertada01,2022
0,1,,2021-10-20,24-081,WAS,@,TOR,W (+15),Inactive,Inactive,Inactive,Inactive,Inactive,,,,Inactive,Inactive,Inactive,,,Inactive,Inactive,,,,Inactive,Inactive,Inactive,Inactive,https://www.basketball-reference.com/players/a/bryanth01/gamelog/2022,bryanth01,2022
0,1,1.0,2021-10-20,28-244,WAS,@,TOR,W (+15),1,27:08,2,7,0.28600000000000003,1.0,5.0,0.2,0,0,,0.0,2.0,2,1,1.0,0.0,1.0,0,5,2.2,2,https://www.basketball-reference.com/players/a/caldwke01/gamelog/2022,caldwke01,2022
0,1,1.0,2021-10-20,28-197,WAS,@,TOR,W (+15),1,26:09,4,10,0.4,0.0,0.0,,5,5,1.0,1.0,3.0,4,6,0.0,0.0,3.0,3,13,9.2,1,https://www.basketball-reference.com/players/a/dinwisp01/gamelog/2022,dinwisp01,2022
0,1,1.0,2021-10-20,23-019,WAS,@,TOR,W (+15),1,22:06,3,3,1.0,0.0,0.0,,2,3,0.667,1.0,4.0,5,0,2.0,4.0,1.0,1,8,12.0,11,https://www.basketball-reference.com/players/a/gaffoda01/gamelog/2022,gaffoda01,2022
0,1,,2021-10-20,29-003,WAS,@,TOR,W (+15),Did Not Play,Did Not Play,Did Not Play,Did Not Play,Did Not Play,,,,Did Not Play,Did Not Play,Did Not Play,,,Did Not Play,Did Not Play,,,,Did Not Play,Did Not Play,Did Not Play,Did Not Play,https://www.basketball-reference.com/players/a/gillan01/gamelog/2022,gillan01,2022
0,1,,2021-10-20,23-254,WAS,@,TOR,W (+15),Inactive,Inactive,Inactive,Inactive,Inactive,,,,Inactive,Inactive,Inactive,,,Inactive,Inactive,,,,Inactive,Inactive,Inactive,Inactive,https://www.basketball-reference.com/players/a/hachiru01/gamelog/2022,hachiru01,2022
0,1,1.0,2021-10-20,27-267,WAS,@,TOR,W (+15),0,25:54,9,11,0.818,0.0,0.0,,4,6,0.667,3.0,6.0,9,1,0.0,1.0,0.0,2,22,21.6,4,https://www.basketball-reference.com/players/a/harremo01/gamelog/2022,harremo01,2022
0,1,1.0,2021-10-20,25-020,WAS,@,TOR,W (+15),0,12:49,0,4,0.0,0.0,2.0,0.0,0,0,,0.0,3.0,3,0,0.0,0.0,3.0,2,0,-5.7,-9,https://www.basketball-reference.com/players/a/holidaa01/gamelog/2022,holidaa01,2022
0,1,,2021-10-19,23-055,LAL,,GSW,L (-7),Inactive,Inactive,Inactive,Inactive,Inactive,,,,Inactive,Inactive,Inactive,,,Inactive,Inactive,,,,Inactive,Inactive,Inactive,Inactive,https://www.basketball-reference.com/players/a/huffja01/gamelog/2022,huffja01,2022
0,1,,2021-10-20,22-231,WAS,@,TOR,W (+15),Did Not Play,Did Not Play,Did Not Play,Did Not Play,Did Not Play,,,,Did Not Play,Did Not Play,Did Not Play,,,Did Not Play,Did Not Play,,,,Did Not Play,Did Not Play,Did Not Play,Did Not Play,https://www.basketball-reference.com/players/a/kispeco01/gamelog/2022,kispeco01,2022
0,1,1.0,2021-10-20,26-088,WAS,@,TOR,W (+15),1,34:38,4,13,0.308,2.0,9.0,0.222,1,2,0.5,0.0,15.0,15,3,1.0,1.0,5.0,2,11,5.6,22,https://www.basketball-reference.com/players/a/kuzmaky01/gamelog/2022,kuzmaky01,2022
0,1,,2021-10-20,24-361,HOU,@,MIN,L (-18),Inactive,Inactive,Inactive,Inactive,Inactive,,,,Inactive,Inactive,Inactive,,,Inactive,Inactive,,,,Inactive,Inactive,Inactive,Inactive,https://www.basketball-reference.com/players/a/mathega01/gamelog/2022,mathega01,2022
0,1,1.0,2021-10-20,29-154,WAS,@,TOR,W (+15),0,22:56,4,8,0.5,0.0,1.0,0.0,0,0,,0.0,3.0,3,2,4.0,0.0,3.0,1,8,6.9,14,https://www.basketball-reference.com/players/a/netora01/gamelog/2022,netora01,2022
0,1,,2021-10-20,20-003,WAS,@,TOR,W (+15),Did Not Play,Did Not Play,Did Not Play,Did Not Play,Did Not Play,,,,Did Not Play,Did Not Play,Did Not Play,,,Did Not Play,Did Not Play,,,,Did Not Play,Did Not Play,Did Not Play,Did Not Play,https://www.basketball-reference.com/players/a/toddis01/gamelog/2022,toddis01,2022
0,1,,2021-10-20,23-234,WAS,@,TOR,W (+15),Inactive,Inactive,Inactive,Inactive,Inactive,,,,Inactive,Inactive,Inactive,,,Inactive,Inactive,,,,Inactive,Inactive,Inactive,Inactive,https://www.basketball-reference.com/players/a/winstca01/gamelog/2022,winstca01,2022
0,1,1.0,2021-10-20,20-357,PHI,@,NOP,W (+20),0,2:04,1,2,0.5,0.0,1.0,0.0,0,0,,1.0,1.0,2,0,0.0,0.0,0.0,0,2,2.0,-6,https://www.basketball-reference.com/players/a/bassech01/gamelog/2022,bassech01,2022
0,1,1.0,2021-10-20,31-058,PHI,@,NOP,W (+20),1,27:31,4,5,0.8,2.0,3.0,0.667,0,0,,0.0,2.0,2,2,0.0,0.0,2.0,0,10,8.1,8,https://www.basketball-reference.com/players/a/curryse01/gamelog/2022,curryse01,2022
0,1,1.0,2021-10-20,28-071,PHI,@,NOP,W (+20),0,19:03,2,4,0.5,0.0,0.0,,2,3,0.667,2.0,15.0,17,3,2.0,2.0,4.0,2,6,10.2,22,https://www.basketball-reference.com/players/a/drumman01/gamelog/2022,drumman01,2022
0,1,1.0,2021-10-20,27-218,PHI,@,NOP,W (+20),1,25:42,8,17,0.47100000000000003,2.0,3.0,0.667,4,6,0.667,1.0,5.0,6,5,1.0,1.0,1.0,3,22,17.7,4,https://www.basketball-reference.com/players/a/embiijo01/gamelog/2022,embiijo01,2022
0,1,1.0,2021-10-20,34-120,PHI,@,NOP,W (+20),1,18:35,0,1,0.0,0.0,1.0,0.0,0,0,,0.0,0.0,0,0,0.0,0.0,0.0,3,0,-1.9,11,https://www.basketball-reference.com/players/a/greenda02/gamelog/2022,greenda02,2022
0,1,1.0,2021-10-20,29-097,PHI,@,NOP,W (+20),1,27:44,8,16,0.5,0.0,2.0,0.0,4,5,0.8,2.0,10.0,12,2,1.0,0.0,0.0,0,20,18.4,8,https://www.basketball-reference.com/players/a/harrito02/gamelog/2022,harrito02,2022
0,1,1.0,2021-10-20,22-051,PHI,@,NOP,W (+20),0,2:04,0,1,0.0,0.0,1.0,0.0,0,0,,0.0,0.0,0,0,0.0,0.0,0.0,0,0,-0.7,-6,https://www.basketball-reference.com/players/a/henryaa01/gamelog/2022,henryaa01,2022
0,1,1.0,2021-10-20,22-110,PHI,@,NOP,W (+20),0,12:37,0,3,0.0,0.0,2.0,0.0,0,0,,0.0,0.0,0,0,0.0,0.0,2.0,0,0,-4.1,-7,https://www.basketball-reference.com/players/a/joeis01/gamelog/2022,joeis01,2022
0,1,1.0,2021-10-20,24-088,PHI,@,NOP,W (+20),0,20:08,7,11,0.636,4.0,4.0,1.0,4,4,1.0,0.0,0.0,0,5,1.0,0.0,1.0,0,22,20.6,22,https://www.basketball-reference.com/players/a/korkmfu01/gamelog/2022,korkmfu01,2022
0,1,1.0,2021-10-20,20-350,PHI,@,NOP,W (+20),1,33:40,8,14,0.5710000000000001,2.0,3.0,0.667,2,2,1.0,0.0,7.0,7,5,0.0,0.0,1.0,2,20,17.2,23,https://www.basketball-reference.com/players/a/maxeyty01/gamelog/2022,maxeyty01,2022
0,1,,2021-10-20,25-024,PHI,@,NOP,W (+20),Inactive,Inactive,Inactive,Inactive,Inactive,,,,Inactive,Inactive,Inactive,,,Inactive,Inactive,,,,Inactive,Inactive,Inactive,Inactive,https://www.basketball-reference.com/players/a/miltosh01/gamelog/2022,miltosh01,2022
0,1,1.0,2021-10-20,28-125,PHI,@,NOP,W (+20),0,18:12,4,5,0.8,3.0,4.0,0.75,0,0,,0.0,0.0,0,1,0.0,1.0,0.0,1,11,10.1,18,https://www.basketball-reference.com/players/a/niangge01/gamelog/2022,niangge01,2022
0,1,1.0,2021-10-20,22-128,PHI,@,NOP,W (+20),0,3:15,1,3,0.33299999999999996,0.0,0.0,,0,0,,0.0,0.0,0,1,0.0,0.0,0.0,0,2,1.0,-6,https://www.basketball-reference.com/players/a/reedpa01/gamelog/2022,reedpa01,2022
0,1,,2021-10-20,24-254,PHI,@,NOP,W (+20),Inactive,Inactive,Inactive,Inactive,Inactive,,,,Inactive,Inactive,Inactive,,,Inactive,Inactive,,,,Inactive,Inactive,Inactive,Inactive,https://www.basketball-reference.com/players/a/rillegr01/gamelog/2022,rillegr01,2022
0,1,,2021-10-20,25-092,PHI,@,NOP,W (+20),Inactive,Inactive,Inactive,Inactive,Inactive,,,,Inactive,Inactive,Inactive,,,Inactive,Inactive,,,,Inactive,Inactive,Inactive,Inactive,https://www.basketball-reference.com/players/a/simmobe01/gamelog/2022,simmobe01,2022
0,1,1.0,2021-10-20,19-025,PHI,@,NOP,W (+20),0,2:04,0,0,,0.0,0.0,,0,0,,0.0,0.0,0,0,0.0,0.0,0.0,0,0,0.0,-6,https://www.basketball-reference.com/players/a/sprinja01/gamelog/2022,sprinja01,2022
0,1,1.0,2021-10-20,24-230,PHI,@,NOP,W (+20),0,27:21,1,3,0.33299999999999996,0.0,1.0,0.0,0,0,,0.0,1.0,1,0,4.0,1.0,1.0,0,2,4.3,15,https://www.basketball-reference.com/players/a/thybuma01/gamelog/2022,thybuma01,2022
0,1,1.0,2021-10-19,26-011,MIL,,BRK,W (+23),1,27:43,3,10,0.3,3.0,10.0,0.3,1,1,1.0,0.0,4.0,4,6,2.0,0.0,0.0,0,10,11.6,23,https://www.basketball-reference.com/players/a/allengr01/gamelog/2022,allengr01,2022
0,1,1.0,2021-10-19,26-317,MIL,,BRK,W (+23),1,30:57,12,25,0.48,1.0,4.0,0.25,7,9,0.778,5.0,9.0,14,7,1.0,2.0,4.0,4,32,26.4,25,https://www.basketball-reference.com/players/a/antetgi01/gamelog/2022,antetgi01,2022
0,1,1.0,2021-10-19,29-093,MIL,,BRK,W (+23),0,12:24,2,3,0.667,0.0,0.0,,2,2,1.0,1.0,3.0,4,1,0.0,1.0,0.0,1,6,7.3,8,https://www.basketball-reference.com/players/a/antetth01/gamelog/2022,antetth01,2022
0,1,1.0,2021-10-19,28-286,MIL,,BRK,W (+23),0,29:58,8,13,0.615,4.0,9.0,0.444,0,0,,0.0,3.0,3,2,1.0,1.0,0.0,0,20,18.1,0,https://www.basketball-reference.com/players/a/connapa01/gamelog/2022,connapa01,2022
0,1,,2021-10-19,24-261,MIL,,BRK,W (+23),Inactive,Inactive,Inactive,Inactive,Inactive,,,,Inactive,Inactive,Inactive,,,Inactive,Inactive,,,,Inactive,Inactive,Inactive,Inactive,https://www.basketball-reference.com/players/a/divindo01/gamelog/2022,divindo01,2022
0,1,1.0,2021-10-19,35-168,MIL,,BRK,W (+23),0,23:21,0,3,0.0,0.0,2.0,0.0,1,2,0.5,2.0,3.0,5,3,0.0,1.0,1.0,5,1,0.6,-6,https://www.basketball-reference.com/players/a/hillge01/gamelog/2022,hillge01,2022
0,1,1.0,2021-10-19,31-129,MIL,,BRK,W (+23),1,17:43,5,7,0.7140000000000001,2.0,4.0,0.5,0,0,,1.0,0.0,1,1,1.0,0.0,0.0,0,12,11.5,17,https://www.basketball-reference.com/players/a/holidjr01/gamelog/2022,holidjr01,2022
0,1,,2021-10-19,28-364,MIL,,BRK,W (+23),Inactive,Inactive,Inactive,Inactive,Inactive,,,,Inactive,Inactive,Inactive,,,Inactive,Inactive,,,,Inactive,Inactive,Inactive,Inactive,https://www.basketball-reference.com/players/a/hoodro01/gamelog/2022,hoodro01,2022
0,1,1.0,2021-10-19,22-290,MIL,,BRK,W (+23),0,1:16,0,2,0.0,0.0,0.0,,0,0,,2.0,0.0,2,0,0.0,0.0,0.0,0,0,0.0,2,https://www.basketball-reference.com/players/a/kalaige01/gamelog/2022,kalaige01,2022
0,1,1.0,2021-10-19,33-201,MIL,,BRK,W (+23),1,28:10,3,9,0.33299999999999996,2.0,4.0,0.5,0,0,,2.0,3.0,5,0,1.0,3.0,0.0,3,8,7.1,0,https://www.basketball-reference.com/players/a/lopezbr01/gamelog/2022,lopezbr01,2022
0,1,1.0,2021-10-19,22-149,MIL,,BRK,W (+23),0,7:02,0,1,0.0,0.0,0.0,,0,0,,0.0,1.0,1,1,0.0,0.0,0.0,0,0,0.3,9,https://www.basketball-reference.com/players/a/mamuksa01/gamelog/2022,mamuksa01,2022
0,1,1.0,2021-10-19,30-068,MIL,,BRK,W (+23),1,30:57,8,17,0.47100000000000003,1.0,4.0,0.25,3,4,0.75,0.0,9.0,9,3,1.0,0.0,1.0,3,20,14.5,20,https://www.basketball-reference.com/players/a/middlkh01/gamelog/2022,middlkh01,2022
0,1,1.0,2021-10-19,23-040,MIL,,BRK,W (+23),0,26:28,6,13,0.462,3.0,6.0,0.5,0,0,,0.0,6.0,6,1,1.0,1.0,1.0,3,15,10.3,6,https://www.basketball-reference.com/players/a/nworajo01/gamelog/2022,nworajo01,2022
0,1,,2021-10-19,26-318,MIL,,BRK,W (+23),Inactive,Inactive,Inactive,Inactive,Inactive,,,,Inactive,Inactive,Inactive,,,Inactive,Inactive,,,,Inactive,Inactive,Inactive,Inactive,https://www.basketball-reference.com/players/a/ojelese01/gamelog/2022,ojelese01,2022
0,1,,2021-10-19,26-251,MIL,,BRK,W (+23),Inactive,Inactive,Inactive,Inactive,Inactive,,,,Inactive,Inactive,Inactive,,,Inactive,Inactive,,,,Inactive,Inactive,Inactive,Inactive,https://www.basketball-reference.com/players/a/portibo01/gamelog/2022,portibo01,2022
0,1,1.0,2021-10-20,21-158,ORL,@,SAS,L (-26),1,30:02,3,12,0.25,1.0,7.0,0.14300000000000002,3,4,0.75,1.0,4.0,5,4,0.0,0.0,3.0,3,10,2.9,-3,https://www.basketball-reference.com/players/a/anthoco01/gamelog/2022,anthoco01,2022
0,1,1.0,2021-10-20,23-161,ORL,@,SAS,L (-26),1,27:15,6,8,0.75,3.0,4.0,0.75,3,4,0.75,3.0,1.0,4,4,1.0,4.0,3.0,5,18,18.4,1,https://www.basketball-reference.com/players/a/bambamo01/gamelog/2022,bambamo01,2022
0,1,1.0,2021-10-20,22-285,ORL,@,SAS,L (-26),0,19:19,1,6,0.16699999999999998,0.0,3.0,0.0,0,0,,1.0,2.0,3,1,1.0,0.0,1.0,0,2,0.2,-30,https://www.basketball-reference.com/players/a/brazdig01/gamelog/2022,brazdig01,2022
0,1,1.0,2021-10-20,22-187,ORL,@,SAS,L (-26),1,18:45,5,10,0.5,1.0,1.0,1.0,2,2,1.0,1.0,7.0,8,1,1.0,0.0,0.0,1,13,12.1,3,https://www.basketball-reference.com/players/a/cartewe01/gamelog/2022,cartewe01,2022
0,1,,2021-10-20,30-010,ORL,@,SAS,L (-26),Inactive,Inactive,Inactive,Inactive,Inactive,,,,Inactive,Inactive,Inactive,,,Inactive,Inactive,,,,Inactive,Inactive,Inactive,Inactive,https://www.basketball-reference.com/players/a/cartemi01/gamelog/2022,cartemi01,2022
0,1,,2021-10-20,23-144,ORL,@,SAS,L (-26),Inactive,Inactive,Inactive,Inactive,Inactive,,,,Inactive,Inactive,Inactive,,,Inactive,Inactive,,,,Inactive,Inactive,Inactive,Inactive,https://www.basketball-reference.com/players/a/fultzma01/gamelog/2022,fultzma01,2022
0,1,,2021-10-20,27-036,ORL,@,SAS,L (-26),Did Not Play,Did Not Play,Did Not Play,Did Not Play,Did Not Play,,,,Did Not Play,Did Not Play,Did Not Play,,,Did Not Play,Did Not Play,,,,Did Not Play,Did Not Play,Did Not Play,Did Not Play,https://www.basketball-reference.com/players/a/harriga01/gamelog/2022,harriga01,2022
0,1,,2021-10-20,24-017,ORL,@,SAS,L (-26),Inactive,Inactive,Inactive,Inactive,Inactive,,,,Inactive,Inactive,Inactive,,,Inactive,Inactive,,,,Inactive,Inactive,Inactive,Inactive,https://www.basketball-reference.com/players/a/isaacjo01/gamelog/2022,isaacjo01,2022
0,1,1.0,2021-10-20,33-202,ORL,@,SAS,L (-26),0,13:09,2,4,0.5,0.0,0.0,,0,0,,3.0,0.0,3,0,0.0,0.0,2.0,2,4,1.3,-19,https://www.basketball-reference.com/players/a/lopezro01/gamelog/2022,lopezro01,2022
0,1,,2021-10-20,32-237,ORL,@,SAS,L (-26),Did Not Play,Did Not Play,Did Not Play,Did Not Play,Did Not Play,,,,Did Not Play,Did Not Play,Did Not Play,,,Did Not Play,Did Not Play,,,,Did Not Play,Did Not Play,Did Not Play,Did Not Play,https://www.basketball-reference.com/players/a/mooreet01/gamelog/2022,mooreet01,2022
0,1,,2021-10-20,23-063,ORL,@,SAS,L (-26),Inactive,Inactive,Inactive,Inactive,Inactive,,,,Inactive,Inactive,Inactive,,,Inactive,Inactive,,,,Inactive,Inactive,Inactive,Inactive,https://www.basketball-reference.com/players/a/okekech01/gamelog/2022,okekech01,2022
0,1,1.0,2021-10-20,30-257,ORL,@,SAS,L (-26),0,27:21,5,10,0.5,1.0,1.0,1.0,4,4,1.0,0.0,3.0,3,0,0.0,0.0,1.0,1,15,9.5,-32,https://www.basketball-reference.com/players/a/rosste01/gamelog/2022,rosste01,2022
0,1,1.0,2021-10-20,20-139,ORL,@,SAS,L (-26),1,30:17,3,14,0.214,1.0,6.0,0.16699999999999998,3,3,1.0,0.0,1.0,1,1,1.0,0.0,3.0,3,10,-0.8,-13,https://www.basketball-reference.com/players/a/suggsja01/gamelog/2022,suggsja01,2022
0,1,1.0,2021-10-20,20-054,ORL,@,SAS,L (-26),1,32:16,6,9,0.667,0.0,2.0,0.0,0,0,,2.0,2.0,4,2,1.0,2.0,0.0,2,12,13.1,-4,https://www.basketball-reference.com/players/a/wagnefr01/gamelog/2022,wagnefr01,2022
0,1,1.0,2021-10-20,24-177,ORL,@,SAS,L (-26),0,15:07,2,5,0.4,1.0,3.0,0.33299999999999996,2,4,0.5,2.0,4.0,6,1,0.0,0.0,1.0,2,7,5.0,-11,https://www.basketball-reference.com/players/a/wagnemo01/gamelog/2022,wagnemo01,2022
0,1,1.0,2021-10-20,22-194,DET,,CHI,L (-6),1,32:32,6,15,0.4,0.0,4.0,0.0,1,2,0.5,2.0,7.0,9,4,0.0,0.0,1.0,4,13,8.2,-6,https://www.basketball-reference.com/players/a/beysa01/gamelog/2022,beysa01,2022
0,1,,2021-10-20,20-025,DET,,CHI,L (-6),Inactive,Inactive,Inactive,Inactive,Inactive,,,,Inactive,Inactive,Inactive,,,Inactive,Inactive,,,,Inactive,Inactive,Inactive,Inactive,https://www.basketball-reference.com/players/a/cunnica01/gamelog/2022,cunnica01,2022
0,1,1.0,2021-10-20,23-081,DET,,CHI,L (-6),0,15:12,2,5,0.4,0.0,1.0,0.0,4,4,1.0,0.0,0.0,0,1,1.0,1.0,0.0,1,8,7.3,8,https://www.basketball-reference.com/players/a/diallha01/gamelog/2022,diallha01,2022
0,1,,2021-10-20,22-297,DET,,CHI,L (-6),Did Not Play,Did Not Play,Did Not Play,Did Not Play,Did Not Play,,,,Did Not Play,Did Not Play,Did Not Play,,,Did Not Play,Did Not Play,,,,Did Not Play,Did Not Play,Did Not Play,Did Not Play,https://www.basketball-reference.com/players/a/garzalu01/gamelog/2022,garzalu01,2022
0,1,1.0,2021-10-20,27-222,DET,,CHI,L (-6),1,32:21,8,20,0.4,3.0,5.0,0.6,5,5,1.0,3.0,3.0,6,2,1.0,1.0,1.0,3,24,17.1,-10,https://www.basketball-reference.com/players/a/grantje01/gamelog/2022,grantje01,2022
0,1,1.0,2021-10-20,20-085,DET,,CHI,L (-6),1,20:18,0,6,0.0,0.0,0.0,,0,0,,1.0,4.0,5,2,0.0,0.0,2.0,1,0,-3.3,-11,https://www.basketball-reference.com/players/a/hayeski01/gamelog/2022,hayeski01,2022
0,1,1.0,2021-10-20,23-169,DET,,CHI,L (-6),1,28:34,3,8,0.375,1.0,5.0,0.2,0,0,,0.0,2.0,2,0,0.0,0.0,2.0,4,7,-0.4,-13,https://www.basketball-reference.com/players/a/jacksfr01/gamelog/2022,jacksfr01,2022
0,1,1.0,2021-10-20,24-252,DET,,CHI,L (-6),0,18:37,3,7,0.429,1.0,3.0,0.33299999999999996,0,1,0.0,1.0,3.0,4,2,0.0,1.0,3.0,2,7,2.8,3,https://www.basketball-reference.com/players/a/jacksjo02/gamelog/2022,jacksjo02,2022
0,1,1.0,2021-10-20,30-061,DET,,CHI,L (-6),0,27:42,1,6,0.16699999999999998,1.0,4.0,0.25,0,0,,2.0,1.0,3,2,2.0,1.0,1.0,0,3,4.0,5,https://www.basketball-reference.com/players/a/josepco01/gamelog/2022,josepco01,2022
0,1,,2021-10-20,22-119,DET,,CHI,L (-6),Did Not Play,Did Not Play,Did Not Play,Did Not Play,Did Not Play,,,,Did Not Play,Did Not Play,Did Not Play,,,Did Not Play,Did Not Play,,,,Did Not Play,Did Not Play,Did Not Play,Did Not Play,https://www.basketball-reference.com/players/a/leesa01/gamelog/2022,leesa01,2022
0,1,,2021-10-20,23-084,DET,,CHI,L (-6),Inactive,Inactive,Inactive,Inactive,Inactive,,,,Inactive,Inactive,Inactive,,,Inactive,Inactive,,,,Inactive,Inactive,Inactive,Inactive,https://www.basketball-reference.com/players/a/liveris01/gamelog/2022,liveris01,2022
0,1,1.0,2021-10-20,25-349,DET,,CHI,L (-6),0,16:44,2,4,0.5,0.0,1.0,0.0,0,0,,0.0,6.0,6,1,2.0,0.0,2.0,0,4,4.5,0,https://www.basketball-reference.com/players/a/lylestr01/gamelog/2022,lylestr01,2022
0,1,,2021-10-20,30-083,DET,,CHI,L (-6),Did Not Play,Did Not Play,Did Not Play,Did Not Play,Did Not Play,,,,Did Not Play,Did Not Play,Did Not Play,,,Did Not Play,Did Not Play,,,,Did Not Play,Did Not Play,Did Not Play,Did Not Play,https://www.basketball-reference.com/players/a/mcgruro01/gamelog/2022,mcgruro01,2022
0,1,1.0,2021-10-20,30-184,DET,,CHI,L (-6),0,22:10,5,10,0.5,0.0,4.0,0.0,0,1,0.0,0.0,4.0,4,3,1.0,0.0,2.0,0,10,6.9,1,https://www.basketball-reference.com/players/a/olynyke01/gamelog/2022,olynyke01,2022
0,1,,2021-10-20,23-300,DET,,CHI,L (-6),Did Not Play,Did Not Play,Did Not Play,Did Not Play,Did Not Play,,,,Did Not Play,Did Not Play,Did Not Play,,,Did Not Play,Did Not Play,,,,Did Not Play,Did Not Play,Did Not Play,Did Not Play,https://www.basketball-reference.com/players/a/pickeja01/gamelog/2022,pickeja01,2022
0,1,,2021-10-20,21-300,DET,,CHI,L (-6),Inactive,Inactive,Inactive,Inactive,Inactive,,,,Inactive,Inactive,Inactive,,,Inactive,Inactive,,,,Inactive,Inactive,Inactive,Inactive,https://www.basketball-reference.com/players/a/smithch07/gamelog/2022,smithch07,2022
0,1,1.0,2021-10-20,20-151,DET,,CHI,L (-6),1,25:50,6,9,0.667,0.0,1.0,0.0,0,0,,2.0,6.0,8,0,0.0,1.0,2.0,1,12,9.6,-7,https://www.basketball-reference.com/players/a/stewais01/gamelog/2022,stewais01,2022
0,1,1.0,2021-10-20,21-128,NYK,,BOS,W (+4),1,47:03,6,11,0.545,3.0,7.0,0.429,4,6,0.667,0.0,5.0,5,2,0.0,2.0,0.0,5,19,15.2,8,https://www.basketball-reference.com/players/a/barrerj01/gamelog/2022,barrerj01,2022
0,1,1.0,2021-10-20,30-092,NYK,,BOS,W (+4),0,16:17,2,5,0.4,1.0,4.0,0.25,0,0,,0.0,1.0,1,1,1.0,0.0,0.0,2,5,3.5,-5,https://www.basketball-reference.com/players/a/burksal01/gamelog/2022,burksal01,2022
0,1,1.0,2021-10-20,28-356,NYK,,BOS,W (+4),1,44:26,13,25,0.52,6.0,13.0,0.462,0,0,,0.0,6.0,6,3,4.0,1.0,1.0,4,32,25.7,11,https://www.basketball-reference.com/players/a/fournev01/gamelog/2022,fournev01,2022
0,1,,2021-10-20,36-118,NYK,,BOS,W (+4),Inactive,Inactive,Inactive,Inactive,Inactive,,,,Inactive,Inactive,Inactive,,,Inactive,Inactive,,,,Inactive,Inactive,Inactive,Inactive,https://www.basketball-reference.com/players/a/gibsota01/gamelog/2022,gibsota01,2022
0,1,,2021-10-20,21-165,NYK,,BOS,W (+4),Did Not Play,Did Not Play,Did Not Play,Did Not Play,Did Not Play,,,,Did Not Play,Did Not Play,Did Not Play,,,Did Not Play,Did Not Play,,,,Did Not Play,Did Not Play,Did Not Play,Did Not Play,https://www.basketball-reference.com/players/a/grimequ01/gamelog/2022,grimequ01,2022
0,1,,2021-10-20,22-070,NYK,,BOS,W (+4),Did Not Play,Did Not Play,Did Not Play,Did Not Play,Did Not Play,,,,Did Not Play,Did Not Play,Did Not Play,,,Did Not Play,Did Not Play,,,,Did Not Play,Did Not Play,Did Not Play,Did Not Play,https://www.basketball-reference.com/players/a/knoxke01/gamelog/2022,knoxke01,2022
0,1,,2021-10-20,21-042,NYK,,BOS,W (+4),Did Not Play,Did Not Play,Did Not Play,Did Not Play,Did Not Play,,,,Did Not Play,Did Not Play,Did Not Play,,,Did Not Play,Did Not Play,,,,Did Not Play,Did Not Play,Did Not Play,Did Not Play,https://www.basketball-reference.com/players/a/mcbrimi01/gamelog/2022,mcbrimi01,2022
0,1,,2021-10-20,27-193,NYK,,BOS,W (+4),Inactive,Inactive,Inactive,Inactive,Inactive,,,,Inactive,Inactive,Inactive,,,Inactive,Inactive,,,,Inactive,Inactive,Inactive,Inactive,https://www.basketball-reference.com/players/a/noelne01/gamelog/2022,noelne01,2022
0,1,1.0,2021-10-20,22-125,NYK,,BOS,W (+4),0,8:25,1,4,0.25,0.0,3.0,0.0,0,0,,0.0,0.0,0,1,1.0,0.0,1.0,0,2,0.3,-8,https://www.basketball-reference.com/players/a/quickim01/gamelog/2022,quickim01,2022
0,1,1.0,2021-10-20,26-325,NYK,,BOS,W (+4),1,46:00,12,27,0.444,3.0,8.0,0.375,8,8,1.0,0.0,8.0,8,9,0.0,3.0,7.0,4,35,23.1,10,https://www.basketball-reference.com/players/a/randlju01/gamelog/2022,randlju01,2022
0,1,1.0,2021-10-20,23-202,NYK,,BOS,W (+4),1,34:28,5,5,1.0,0.0,0.0,,1,4,0.25,5.0,12.0,17,3,0.0,2.0,1.0,2,11,17.1,3,https://www.basketball-reference.com/players/a/robinmi01/gamelog/2022,robinmi01,2022
0,1,1.0,2021-10-20,33-016,NYK,,BOS,W (+4),0,22:28,3,11,0.273,1.0,3.0,0.33299999999999996,2,2,1.0,0.0,4.0,4,5,2.0,1.0,2.0,0,9,7.9,7,https://www.basketball-reference.com/players/a/rosede01/gamelog/2022,rosede01,2022
0,1,1.0,2021-10-20,23-000,NYK,,BOS,W (+4),0,6:58,0,0,,0.0,0.0,,1,2,0.5,0.0,1.0,1,0,0.0,0.0,0.0,0,1,0.9,-7,https://www.basketball-reference.com/players/a/simsje01/gamelog/2022,simsje01,2022
0,1,1.0,2021-10-20,23-230,NYK,,BOS,W (+4),0,28:23,6,9,0.667,0.0,3.0,0.0,2,3,0.667,2.0,3.0,5,0,0.0,1.0,1.0,1,14,11.3,4,https://www.basketball-reference.com/players/a/toppiob01/gamelog/2022,toppiob01,2022
0,1,1.0,2021-10-20,23-182,CLE,@,MEM,L (-11),1,28:54,11,11,1.0,0.0,0.0,,3,4,0.75,1.0,3.0,4,1,3.0,3.0,1.0,1,25,27.3,5,https://www.basketball-reference.com/players/a/allenja01/gamelog/2022,allenja01,2022
0,1,,2021-10-20,25-314,CLE,@,MEM,L (-11),Did Not Play,Did Not Play,Did Not Play,Did Not Play,Did Not Play,,,,Did Not Play,Did Not Play,Did Not Play,,,Did Not Play,Did Not Play,,,,Did Not Play,Did Not Play,Did Not Play,Did Not Play,https://www.basketball-reference.com/players/a/fallta01/gamelog/2022,fallta01,2022
0,1,1.0,2021-10-20,21-267,CLE,@,MEM,L (-11),1,31:55,5,15,0.33299999999999996,3.0,10.0,0.3,0,0,,0.0,1.0,1,12,0.0,0.0,2.0,2,13,10.4,0,https://www.basketball-reference.com/players/a/garlada01/gamelog/2022,garlada01,2022
0,1,1.0,2021-10-20,33-043,CLE,@,MEM,L (-11),0,17:27,1,6,0.16699999999999998,0.0,2.0,0.0,2,2,1.0,1.0,2.0,3,4,0.0,0.0,1.0,1,4,2.9,-3,https://www.basketball-reference.com/players/a/loveke01/gamelog/2022,loveke01,2022
0,1,1.0,2021-10-20,24-151,CLE,@,MEM,L (-11),1,31:28,4,14,0.28600000000000003,2.0,7.0,0.28600000000000003,0,0,,2.0,7.0,9,2,1.0,0.0,1.0,0,10,6.7,-4,https://www.basketball-reference.com/players/a/markkla01/gamelog/2022,markkla01,2022
0,1,1.0,2021-10-20,20-124,CLE,@,MEM,L (-11),1,38:18,7,13,0.5379999999999999,1.0,2.0,0.5,2,3,0.667,0.0,9.0,9,6,1.0,1.0,0.0,2,17,18.1,-18,https://www.basketball-reference.com/players/a/mobleev01/gamelog/2022,mobleev01,2022
0,1,,2021-10-20,22-212,CLE,@,MEM,L (-11),Did Not Play,Did Not Play,Did Not Play,Did Not Play,Did Not Play,,,,Did Not Play,Did Not Play,Did Not Play,,,Did Not Play,Did Not Play,,,,Did Not Play,Did Not Play,Did Not Play,Did Not Play,https://www.basketball-reference.com/players/a/nembhrj01/gamelog/2022,nembhrj01,2022
0,1,1.0,2021-10-20,20-267,CLE,@,MEM,L (-11),0,20:33,3,5,0.6,0.0,1.0,0.0,2,2,1.0,1.0,2.0,3,1,0.0,1.0,0.0,4,8,6.8,8,https://www.basketball-reference.com/players/a/okorois01/gamelog/2022,okorois01,2022
0,1,1.0,2021-10-20,26-195,CLE,@,MEM,L (-11),0,17:05,5,6,0.833,3.0,3.0,1.0,2,3,0.667,1.0,1.0,2,1,0.0,0.0,2.0,0,15,12.1,-17,https://www.basketball-reference.com/players/a/osmande01/gamelog/2022,osmande01,2022
0,1,1.0,2021-10-20,30-364,CLE,@,MEM,L (-11),0,24:57,4,10,0.4,3.0,7.0,0.429,1,1,1.0,0.0,4.0,4,10,1.0,0.0,2.0,3,12,12.6,-12,https://www.basketball-reference.com/players/a/rubiori01/gamelog/2022,rubiori01,2022
0,1,1.0,2021-10-20,22-289,CLE,@,MEM,L (-11),1,29:23,7,13,0.5379999999999999,2.0,6.0,0.33299999999999996,1,3,0.33299999999999996,1.0,0.0,1,1,0.0,0.0,1.0,4,17,8.7,-14,https://www.basketball-reference.com/players/a/sextoco01/gamelog/2022,sextoco01,2022
0,1,,2021-10-20,24-103,CLE,@,MEM,L (-11),Did Not Play,Did Not Play,Did Not Play,Did Not Play,Did Not Play,,,,Did Not Play,Did Not Play,Did Not Play,,,Did Not Play,Did Not Play,,,,Did Not Play,Did Not Play,Did Not Play,Did Not Play,https://www.basketball-reference.com/players/a/stevela01/gamelog/2022,stevela01,2022
0,1,,2021-10-20,24-265,BOS,@,NYK,L (-4),Did Not Play,Did Not Play,Did Not Play,Did Not Play,Did Not Play,,,,Did Not Play,Did Not Play,Did Not Play,,,Did Not Play,Did Not Play,,,,Did Not Play,Did Not Play,Did Not Play,Did Not Play,https://www.basketball-reference.com/players/a/thomabr01/gamelog/2022,thomabr01,2022
0,1,,2021-10-20,27-338,CLE,@,MEM,L (-11),Did Not Play,Did Not Play,Did Not Play,Did Not Play,Did Not Play,,,,Did Not Play,Did Not Play,Did Not Play,,,Did Not Play,Did Not Play,,,,Did Not Play,Did Not Play,Did Not Play,Did Not Play,https://www.basketball-reference.com/players/a/valende01/gamelog/2022,valende01,2022
0,1,,2021-10-20,24-334,CLE,@,MEM,L (-11),Inactive,Inactive,Inactive,Inactive,Inactive,,,,Inactive,Inactive,Inactive,,,Inactive,Inactive,,,,Inactive,Inactive,Inactive,Inactive,https://www.basketball-reference.com/players/a/wadede01/gamelog/2022,wadede01,2022
0,1,,2021-10-20,25-028,CLE,@,MEM,L (-11),Inactive,Inactive,Inactive,Inactive,Inactive,,,,Inactive,Inactive,Inactive,,,Inactive,Inactive,,,,Inactive,Inactive,Inactive,Inactive,https://www.basketball-reference.com/players/a/windldy01/gamelog/2022,windldy01,2022
0,1,1.0,2021-10-20,22-031,TOR,,WAS,L (-15),1,18:30,3,8,0.375,0.0,0.0,,0,2,0.0,3.0,4.0,7,2,1.0,0.0,1.0,4,6,3.9,-6,https://www.basketball-reference.com/players/a/achiupr01/gamelog/2022,achiupr01,2022
0,1,1.0,2021-10-20,24-095,TOR,,WAS,L (-15),1,33:59,3,17,0.17600000000000002,2.0,9.0,0.222,3,4,0.75,4.0,6.0,10,1,2.0,1.0,3.0,1,11,4.5,-21,https://www.basketball-reference.com/players/a/anunoog01/gamelog/2022,anunoog01,2022
0,1,1.0,2021-10-20,21-347,TOR,,WAS,L (-15),0,12:25,3,4,0.75,1.0,1.0,1.0,0,0,,0.0,4.0,4,1,1.0,0.0,0.0,1,7,7.9,8,https://www.basketball-reference.com/players/a/bantoda01/gamelog/2022,bantoda01,2022
0,1,1.0,2021-10-20,20-080,TOR,,WAS,L (-15),1,32:32,5,13,0.385,0.0,1.0,0.0,2,3,0.667,3.0,6.0,9,1,1.0,0.0,6.0,5,12,2.1,-11,https://www.basketball-reference.com/players/a/barnesc01/gamelog/2022,barnesc01,2022
0,1,1.0,2021-10-20,29-022,TOR,,WAS,L (-15),0,26:01,2,4,0.5,0.0,0.0,,5,6,0.833,6.0,3.0,9,0,0.0,0.0,2.0,2,9,8.9,-8,https://www.basketball-reference.com/players/a/birchkh01/gamelog/2022,birchkh01,2022
0,1,,2021-10-20,21-346,TOR,,WAS,L (-15),Did Not Play,Did Not Play,Did Not Play,Did Not Play,Did Not Play,,,,Did Not Play,Did Not Play,Did Not Play,,,Did Not Play,Did Not Play,,,,Did Not Play,Did Not Play,Did Not Play,Did Not Play,https://www.basketball-reference.com/players/a/bongais01/gamelog/2022,bongais01,2022
0,1,1.0,2021-10-20,28-282,TOR,,WAS,L (-15),0,17:30,3,10,0.3,1.0,6.0,0.16699999999999998,0,0,,1.0,3.0,4,0,0.0,2.0,1.0,1,7,2.8,-1,https://www.basketball-reference.com/players/a/bouchch01/gamelog/2022,bouchch01,2022
0,1,,2021-10-20,20-113,TOR,,WAS,L (-15),Did Not Play,Did Not Play,Did Not Play,Did Not Play,Did Not Play,,,,Did Not Play,Did Not Play,Did Not Play,,,Did Not Play,Did Not Play,,,,Did Not Play,Did Not Play,Did Not Play,Did Not Play,https://www.basketball-reference.com/players/a/champju01/gamelog/2022,champju01,2022
0,1,,2021-10-20,27-167,TOR,,WAS,L (-15),Did Not Play,Did Not Play,Did Not Play,Did Not Play,Did Not Play,,,,Did Not Play,Did Not Play,Did Not Play,,,Did Not Play,Did Not Play,,,,Did Not Play,Did Not Play,Did Not Play,Did Not Play,https://www.basketball-reference.com/players/a/dekkesa01/gamelog/2022,dekkesa01,2022
0,1,1.0,2021-10-20,35-167,TOR,,WAS,L (-15),1,21:39,3,7,0.429,1.0,2.0,0.5,2,2,1.0,0.0,3.0,3,4,0.0,0.0,0.0,1,9,8.6,-16,https://www.basketball-reference.com/players/a/dragigo01/gamelog/2022,dragigo01,2022
0,1,,2021-10-20,23-163,TOR,,WAS,L (-15),Did Not Play,Did Not Play,Did Not Play,Did Not Play,Did Not Play,,,,Did Not Play,Did Not Play,Did Not Play,,,Did Not Play,Did Not Play,,,,Did Not Play,Did Not Play,Did Not Play,Did Not Play,https://www.basketball-reference.com/players/a/flynnma01/gamelog/2022,flynnma01,2022
0,1,1.0,2021-10-20,24-132,TOR,,WAS,L (-15),0,16:14,1,5,0.2,0.0,3.0,0.0,2,2,1.0,0.0,3.0,3,0,0.0,0.0,1.0,4,4,-0.8,-1,https://www.basketball-reference.com/players/a/mykhasv01/gamelog/2022,mykhasv01,2022
0,1,,2021-10-20,27-201,TOR,,WAS,L (-15),Inactive,Inactive,Inactive,Inactive,Inactive,,,,Inactive,Inactive,Inactive,,,Inactive,Inactive,,,,Inactive,Inactive,Inactive,Inactive,https://www.basketball-reference.com/players/a/siakapa01/gamelog/2022,siakapa01,2022
0,1,1.0,2021-10-20,22-275,TOR,,WAS,L (-15),0,26:27,2,9,0.222,1.0,3.0,0.33299999999999996,1,2,0.5,1.0,1.0,2,1,3.0,0.0,2.0,1,6,2.4,3,https://www.basketball-reference.com/players/a/trentga02/gamelog/2022,trentga02,2022
0,1,1.0,2021-10-20,27-237,TOR,,WAS,L (-15),1,34:43,5,20,0.25,1.0,9.0,0.111,1,1,1.0,1.0,2.0,3,4,2.0,1.0,3.0,1,12,3.4,-22,https://www.basketball-reference.com/players/a/vanvlfr01/gamelog/2022,vanvlfr01,2022
0,1,,2021-10-20,27-007,TOR,,WAS,L (-15),Inactive,Inactive,Inactive,Inactive,Inactive,,,,Inactive,Inactive,Inactive,,,Inactive,Inactive,,,,Inactive,Inactive,Inactive,Inactive,https://www.basketball-reference.com/players/a/watanyu01/gamelog/2022,watanyu01,2022
0,1,1.0,2021-10-19,37-143,LAL,,GSW,L (-7),0,26:04,3,9,0.33299999999999996,2.0,4.0,0.5,1,2,0.5,0.0,4.0,4,2,0.0,0.0,1.0,2,9,4.3,-5,https://www.basketball-reference.com/players/a/anthoca01/gamelog/2022,anthoca01,2022
0,1,,2021-10-19,36-111,LAL,,GSW,L (-7),Inactive,Inactive,Inactive,Inactive,Inactive,,,,Inactive,Inactive,Inactive,,,Inactive,Inactive,,,,Inactive,Inactive,Inactive,Inactive,https://www.basketball-reference.com/players/a/arizatr01/gamelog/2022,arizatr01,2022
0,1,,2021-10-20,21-229,WAS,@,TOR,W (+15),Inactive,Inactive,Inactive,Inactive,Inactive,,,,Inactive,Inactive,Inactive,,,Inactive,Inactive,,,,Inactive,Inactive,Inactive,Inactive,https://www.basketball-reference.com/players/a/ayayijo01/gamelog/2022,ayayijo01,2022
0,1,1.0,2021-10-19,32-110,LAL,,GSW,L (-7),1,30:37,3,9,0.33299999999999996,2.0,8.0,0.25,0,0,,0.0,2.0,2,0,0.0,1.0,1.0,4,8,1.6,10,https://www.basketball-reference.com/players/a/bazemke01/gamelog/2022,bazemke01,2022
0,1,,2021-10-20,25-012,SAS,,ORL,W (+26),Inactive,Inactive,Inactive,Inactive,Inactive,,,,Inactive,Inactive,Inactive,,,Inactive,Inactive,,,,Inactive,Inactive,Inactive,Inactive,https://www.basketball-reference.com/players/a/cacokde01/gamelog/2022,cacokde01,2022
0,1,1.0,2021-10-19,28-222,LAL,,GSW,L (-7),1,38:55,15,26,0.5770000000000001,1.0,5.0,0.2,2,7,0.28600000000000003,2.0,9.0,11,2,1.0,2.0,0.0,0,33,26.7,-2,https://www.basketball-reference.com/players/a/davisan02/gamelog/2022,davisan02,2022
0,1,,2021-10-19,33-324,LAL,,GSW,L (-7),Inactive,Inactive,Inactive,Inactive,Inactive,,,,Inactive,Inactive,Inactive,,,Inactive,Inactive,,,,Inactive,Inactive,Inactive,Inactive,https://www.basketball-reference.com/players/a/ellinwa01/gamelog/2022,ellinwa01,2022
0,1,,2021-10-19,20-328,LAL,,GSW,L (-7),Inactive,Inactive,Inactive,Inactive,Inactive,,,,Inactive,Inactive,Inactive,,,Inactive,Inactive,,,,Inactive,Inactive,Inactive,Inactive,https://www.basketball-reference.com/players/a/hortota01/gamelog/2022,hortota01,2022
0,1,1.0,2021-10-19,35-315,LAL,,GSW,L (-7),0,12:49,1,2,0.5,0.0,0.0,,3,4,0.75,0.0,6.0,6,0,0.0,0.0,2.0,2,5,2.6,-7,https://www.basketball-reference.com/players/a/howardw01/gamelog/2022,howardw01,2022
0,1,1.0,2021-10-19,36-293,LAL,,GSW,L (-7),1,36:45,13,23,0.565,5.0,11.0,0.455,3,6,0.5,1.0,10.0,11,5,1.0,1.0,4.0,5,34,24.8,-2,https://www.basketball-reference.com/players/a/jamesle01/gamelog/2022,jamesle01,2022
0,1,1.0,2021-10-19,33-090,LAL,,GSW,L (-7),1,12:55,1,1,1.0,0.0,0.0,,0,0,,0.0,2.0,2,1,1.0,0.0,0.0,3,2,2.8,2,https://www.basketball-reference.com/players/a/jordade01/gamelog/2022,jordade01,2022
0,1,1.0,2021-10-19,23-257,LAL,,GSW,L (-7),0,18:44,2,5,0.4,2.0,4.0,0.5,0,0,,0.0,3.0,3,1,2.0,0.0,1.0,1,6,5.5,-10,https://www.basketball-reference.com/players/a/monkma01/gamelog/2022,monkma01,2022
0,1,,2021-10-19,26-077,LAL,,GSW,L (-7),Inactive,Inactive,Inactive,Inactive,Inactive,,,,Inactive,Inactive,Inactive,,,Inactive,Inactive,,,,Inactive,Inactive,Inactive,Inactive,https://www.basketball-reference.com/players/a/nunnke01/gamelog/2022,nunnke01,2022
0,1,,2021-10-19,23-143,LAL,,GSW,L (-7),Did Not Play,Did Not Play,Did Not Play,Did Not Play,Did Not Play,,,,Did Not Play,Did Not Play,Did Not Play,,,Did Not Play,Did Not Play,,,,Did Not Play,Did Not Play,Did Not Play,Did Not Play,https://www.basketball-reference.com/players/a/reaveau01/gamelog/2022,reaveau01,2022
0,1,1.0,2021-10-19,35-239,LAL,,GSW,L (-7),0,19:49,1,4,0.25,1.0,3.0,0.33299999999999996,0,0,,0.0,0.0,0,5,2.0,0.0,3.0,2,3,2.3,1,https://www.basketball-reference.com/players/a/rondora01/gamelog/2022,rondora01,2022
0,1,1.0,2021-10-19,32-341,LAL,,GSW,L (-7),1,35:08,4,13,0.308,0.0,4.0,0.0,0,0,,1.0,4.0,5,4,0.0,0.0,4.0,4,8,-0.4,-23,https://www.basketball-reference.com/players/a/westbru01/gamelog/2022,westbru01,2022
0,1,1.0,2021-10-20,23-089,PHO,,DEN,L (-12),1,32:36,6,10,0.6,1.0,3.0,0.33299999999999996,2,2,1.0,2.0,4.0,6,2,1.0,0.0,2.0,2,15,12.6,-15,https://www.basketball-reference.com/players/a/aytonde01/gamelog/2022,aytonde01,2022
0,1,1.0,2021-10-20,24-355,PHO,,DEN,L (-12),1,29:57,3,15,0.2,2.0,7.0,0.28600000000000003,4,4,1.0,1.0,3.0,4,4,1.0,0.0,3.0,3,12,3.9,-24,https://www.basketball-reference.com/players/a/bookede01/gamelog/2022,bookede01,2022
0,1,1.0,2021-10-20,25-051,PHO,,DEN,L (-12),1,33:31,7,16,0.43799999999999994,2.0,6.0,0.33299999999999996,0,2,0.0,1.0,4.0,5,0,1.0,1.0,1.0,2,16,8.6,-21,https://www.basketball-reference.com/players/a/bridgmi01/gamelog/2022,bridgmi01,2022
0,1,1.0,2021-10-20,31-106,PHO,,DEN,L (-12),1,24:06,0,5,0.0,0.0,5.0,0.0,2,2,1.0,0.0,8.0,8,2,1.0,0.0,1.0,1,2,1.9,-7,https://www.basketball-reference.com/players/a/crowdja01/gamelog/2022,crowdja01,2022
0,1,,2021-10-20,25-177,PHO,,DEN,L (-12),Did Not Play,Did Not Play,Did Not Play,Did Not Play,Did Not Play,,,,Did Not Play,Did Not Play,Did Not Play,,,Did Not Play,Did Not Play,,,,Did Not Play,Did Not Play,Did Not Play,Did Not Play,https://www.basketball-reference.com/players/a/hutchch01/gamelog/2022,hutchch01,2022
0,1,1.0,2021-10-20,25-231,PHO,,DEN,L (-12),0,23:54,4,10,0.4,3.0,5.0,0.6,0,0,,1.0,1.0,2,1,1.0,0.0,1.0,1,11,6.9,-5,https://www.basketball-reference.com/players/a/johnsca02/gamelog/2022,johnsca02,2022
0,1,,2021-10-20,28-199,PHO,,DEN,L (-12),Did Not Play,Did Not Play,Did Not Play,Did Not Play,Did Not Play,,,,Did Not Play,Did Not Play,Did Not Play,,,Did Not Play,Did Not Play,,,,Did Not Play,Did Not Play,Did Not Play,Did Not Play,https://www.basketball-reference.com/players/a/kaminfr01/gamelog/2022,kaminfr01,2022
0,1,1.0,2021-10-20,33-274,PHO,,DEN,L (-12),0,15:08,3,4,0.75,0.0,0.0,,0,0,,1.0,7.0,8,0,0.0,1.0,3.0,2,6,4.1,3,https://www.basketball-reference.com/players/a/mcgeeja01/gamelog/2022,mcgeeja01,2022
0,1,1.0,2021-10-20,28-025,PHO,,DEN,L (-12),0,13:23,0,2,0.0,0.0,1.0,0.0,0,0,,1.0,2.0,3,1,1.0,0.0,1.0,2,0,-0.2,9,https://www.basketball-reference.com/players/a/naderab01/gamelog/2022,naderab01,2022
0,1,1.0,2021-10-20,36-167,PHO,,DEN,L (-12),1,33:37,6,11,0.545,2.0,4.0,0.5,1,2,0.5,2.0,2.0,4,10,2.0,1.0,3.0,3,15,16.8,-23,https://www.basketball-reference.com/players/a/paulch01/gamelog/2022,paulch01,2022
0,1,1.0,2021-10-20,27-073,PHO,,DEN,L (-12),0,14:23,3,9,0.33299999999999996,1.0,3.0,0.33299999999999996,3,5,0.6,1.0,1.0,2,3,1.0,0.0,3.0,2,10,4.4,11,https://www.basketball-reference.com/players/a/payneca01/gamelog/2022,payneca01,2022
0,1,,2021-10-20,27-240,PHO,,DEN,L (-12),Did Not Play,Did Not Play,Did Not Play,Did Not Play,Did Not Play,,,,Did Not Play,Did Not Play,Did Not Play,,,Did Not Play,Did Not Play,,,,Did Not Play,Did Not Play,Did Not Play,Did Not Play,https://www.basketball-reference.com/players/a/paytoel01/gamelog/2022,paytoel01,2022
0,1,,2021-10-20,27-195,PHO,,DEN,L (-12),Inactive,Inactive,Inactive,Inactive,Inactive,,,,Inactive,Inactive,Inactive,,,Inactive,Inactive,,,,Inactive,Inactive,Inactive,Inactive,https://www.basketball-reference.com/players/a/saricda01/gamelog/2022,saricda01,2022
0,1,1.0,2021-10-20,24-221,PHO,,DEN,L (-12),0,19:25,4,5,0.8,3.0,3.0,1.0,0,0,,1.0,2.0,3,0,0.0,0.0,0.0,0,11,10.4,12,https://www.basketball-reference.com/players/a/shamela01/gamelog/2022,shamela01,2022
0,1,,2021-10-20,22-033,UTA,,OKC,W (+21),Did Not Play,Did Not Play,Did Not Play,Did Not Play,Did Not Play,,,,Did Not Play,Did Not Play,Did Not Play,,,Did Not Play,Did Not Play,,,,Did Not Play,Did Not Play,Did Not Play,Did Not Play,https://www.basketball-reference.com/players/a/azubuud01/gamelog/2022,azubuud01,2022
0,1,1.0,2021-10-20,29-135,UTA,,OKC,W (+21),0,26:40,6,11,0.545,2.0,6.0,0.33299999999999996,4,4,1.0,1.0,0.0,1,1,0.0,0.0,3.0,2,18,10.3,4,https://www.basketball-reference.com/players/a/clarkjo01/gamelog/2022,clarkjo01,2022
0,1,1.0,2021-10-20,34-009,UTA,,OKC,W (+21),1,25:09,4,12,0.33299999999999996,2.0,7.0,0.28600000000000003,0,0,,0.0,0.0,0,4,2.0,0.0,1.0,4,10,5.4,16,https://www.basketball-reference.com/players/a/conlemi01/gamelog/2022,conlemi01,2022
0,1,,2021-10-20,23-130,UTA,,OKC,W (+21),Inactive,Inactive,Inactive,Inactive,Inactive,,,,Inactive,Inactive,Inactive,,,Inactive,Inactive,,,,Inactive,Inactive,Inactive,Inactive,https://www.basketball-reference.com/players/a/forretr01/gamelog/2022,forretr01,2022
0,1,,2021-10-20,35-064,UTA,,OKC,W (+21),Inactive,Inactive,Inactive,Inactive,Inactive,,,,Inactive,Inactive,Inactive,,,Inactive,Inactive,,,,Inactive,Inactive,Inactive,Inactive,https://www.basketball-reference.com/players/a/gayru01/gamelog/2022,gayru01,2022
0,1,1.0,2021-10-20,29-116,UTA,,OKC,W (+21),1,29:29,6,9,0.667,0.0,0.0,,4,6,0.667,5.0,16.0,21,0,0.0,1.0,1.0,1,16,18.9,20,https://www.basketball-reference.com/players/a/goberru01/gamelog/2022,goberru01,2022
0,1,1.0,2021-10-20,23-224,UTA,,OKC,W (+21),0,3:14,0,0,,0.0,0.0,,2,2,1.0,0.0,0.0,0,0,0.0,0.0,0.0,0,2,2.0,-3,https://www.basketball-reference.com/players/a/hugheel01/gamelog/2022,hugheel01,2022
0,1,1.0,2021-10-20,34-018,UTA,,OKC,W (+21),0,26:05,5,8,0.625,4.0,7.0,0.5710000000000001,0,0,,0.0,3.0,3,3,0.0,0.0,0.0,1,14,13.0,11,https://www.basketball-reference.com/players/a/inglejo01/gamelog/2022,inglejo01,2022
0,1,1.0,2021-10-20,25-043,UTA,,OKC,W (+21),1,28:28,6,17,0.353,3.0,10.0,0.3,1,1,1.0,2.0,1.0,3,4,2.0,1.0,1.0,2,16,11.9,20,https://www.basketball-reference.com/players/a/mitchdo01/gamelog/2022,mitchdo01,2022
0,1,1.0,2021-10-20,28-137,UTA,,OKC,W (+21),1,28:04,0,4,0.0,0.0,4.0,0.0,0,0,,0.0,6.0,6,2,0.0,1.0,1.0,0,0,0.1,14,https://www.basketball-reference.com/players/a/onealro01/gamelog/2022,onealro01,2022
0,1,1.0,2021-10-20,24-077,UTA,,OKC,W (+21),0,1:35,0,0,,0.0,0.0,,0,0,,0.0,0.0,0,0,0.0,0.0,0.0,1,0,-0.4,0,https://www.basketball-reference.com/players/a/onimi01/gamelog/2022,onimi01,2022
0,1,1.0,2021-10-20,24-350,UTA,,OKC,W (+21),0,14:13,1,4,0.25,1.0,3.0,0.33299999999999996,0,0,,0.0,3.0,3,1,0.0,0.0,0.0,1,3,1.8,4,https://www.basketball-reference.com/players/a/pascher01/gamelog/2022,pascher01,2022
0,1,1.0,2021-10-20,32-129,UTA,,OKC,W (+21),0,18:31,2,4,0.5,0.0,0.0,,2,2,1.0,2.0,8.0,10,0,1.0,2.0,1.0,5,6,7.2,1,https://www.basketball-reference.com/players/a/whiteha01/gamelog/2022,whiteha01,2022
0,1,,2021-10-20,25-330,POR,,SAC,L (-3),Inactive,Inactive,Inactive,Inactive,Inactive,,,,Inactive,Inactive,Inactive,,,Inactive,Inactive,,,,Inactive,Inactive,Inactive,Inactive,https://www.basketball-reference.com/players/a/blevike01/gamelog/2022,blevike01,2022
0,1,,2021-10-20,20-049,POR,,SAC,L (-3),Did Not Play,Did Not Play,Did Not Play,Did Not Play,Did Not Play,,,,Did Not Play,Did Not Play,Did Not Play,,,Did Not Play,Did Not Play,,,,Did Not Play,Did Not Play,Did Not Play,Did Not Play,https://www.basketball-reference.com/players/a/browngr01/gamelog/2022,browngr01,2022
0,1,1.0,2021-10-20,30-310,POR,,SAC,L (-3),1,30:55,3,9,0.33299999999999996,2.0,7.0,0.28600000000000003,0,0,,0.0,4.0,4,0,0.0,2.0,1.0,2,8,3.7,-9,https://www.basketball-reference.com/players/a/covinro01/gamelog/2022,covinro01,2022
0,1,,2021-10-20,21-126,POR,,SAC,L (-3),Did Not Play,Did Not Play,Did Not Play,Did Not Play,Did Not Play,,,,Did Not Play,Did Not Play,Did Not Play,,,Did Not Play,Did Not Play,,,,Did Not Play,Did Not Play,Did Not Play,Did Not Play,https://www.basketball-reference.com/players/a/ellebcj01/gamelog/2022,ellebcj01,2022
0,1,1.0,2021-10-20,31-097,POR,,SAC,L (-3),1,40:15,8,24,0.33299999999999996,0.0,9.0,0.0,4,5,0.8,0.0,6.0,6,11,1.0,0.0,1.0,3,20,14.3,-2,https://www.basketball-reference.com/players/a/lillada01/gamelog/2022,lillada01,2022
0,1,1.0,2021-10-20,21-251,POR,,SAC,L (-3),0,15:47,3,5,0.6,1.0,1.0,1.0,0,0,,2.0,1.0,3,0,0.0,0.0,1.0,1,7,5.0,-1,https://www.basketball-reference.com/players/a/littlna01/gamelog/2022,littlna01,2022
0,1,1.0,2021-10-20,30-031,POR,,SAC,L (-3),1,35:12,14,24,0.583,6.0,11.0,0.545,0,0,,2.0,4.0,6,5,3.0,1.0,5.0,4,34,26.0,0,https://www.basketball-reference.com/players/a/mccolcj01/gamelog/2022,mccolcj01,2022
0,1,,2021-10-20,28-251,POR,,SAC,L (-3),Did Not Play,Did Not Play,Did Not Play,Did Not Play,Did Not Play,,,,Did Not Play,Did Not Play,Did Not Play,,,Did Not Play,Did Not Play,,,,Did Not Play,Did Not Play,Did Not Play,Did Not Play,https://www.basketball-reference.com/players/a/mclembe01/gamelog/2022,mclembe01,2022
0,1,1.0,2021-10-20,28-292,POR,,SAC,L (-3),0,17:09,1,3,0.33299999999999996,0.0,1.0,0.0,0,0,,0.0,3.0,3,2,0.0,0.0,1.0,4,2,0.0,4,https://www.basketball-reference.com/players/a/nancela02/gamelog/2022,nancela02,2022
0,1,1.0,2021-10-20,27-058,POR,,SAC,L (-3),1,28:45,6,10,0.6,1.0,1.0,1.0,7,7,1.0,3.0,11.0,14,2,0.0,1.0,1.0,4,20,20.3,-2,https://www.basketball-reference.com/players/a/nurkiju01/gamelog/2022,nurkiju01,2022
0,1,1.0,2021-10-20,28-148,POR,,SAC,L (-3),1,35:10,3,9,0.33299999999999996,1.0,3.0,0.33299999999999996,7,8,0.875,0.0,5.0,5,0,0.0,0.0,1.0,3,14,7.8,3,https://www.basketball-reference.com/players/a/powelno01/gamelog/2022,powelno01,2022
0,1,1.0,2021-10-20,22-134,POR,,SAC,L (-3),0,17:39,5,6,0.833,1.0,2.0,0.5,0,0,,0.0,2.0,2,4,0.0,0.0,1.0,0,11,11.2,-9,https://www.basketball-reference.com/players/a/simonan01/gamelog/2022,simonan01,2022
0,1,,2021-10-20,23-329,POR,,SAC,L (-3),Did Not Play,Did Not Play,Did Not Play,Did Not Play,Did Not Play,,,,Did Not Play,Did Not Play,Did Not Play,,,Did Not Play,Did Not Play,,,,Did Not Play,Did Not Play,Did Not Play,Did Not Play,https://www.basketball-reference.com/players/a/smithde03/gamelog/2022,smithde03,2022
0,1,,2021-10-20,29-344,POR,,SAC,L (-3),Inactive,Inactive,Inactive,Inactive,Inactive,,,,Inactive,Inactive,Inactive,,,Inactive,Inactive,,,,Inactive,Inactive,Inactive,Inactive,https://www.basketball-reference.com/players/a/snellto01/gamelog/2022,snellto01,2022
0,1,,2021-10-20,20-345,POR,,SAC,L (-3),Inactive,Inactive,Inactive,Inactive,Inactive,,,,Inactive,Inactive,Inactive,,,Inactive,Inactive,,,,Inactive,Inactive,Inactive,Inactive,https://www.basketball-reference.com/players/a/watfotr01/gamelog/2022,watfotr01,2022
0,1,1.0,2021-10-20,29-015,POR,,SAC,L (-3),0,19:08,2,3,0.667,0.0,0.0,,1,2,0.5,2.0,4.0,6,1,1.0,1.0,0.0,1,5,7.9,1,https://www.basketball-reference.com/players/a/zelleco01/gamelog/2022,zelleco01,2022
0,1,,2021-10-20,22-220,SAC,@,POR,W (+3),Did Not Play,Did Not Play,Did Not Play,Did Not Play,Did Not Play,,,,Did Not Play,Did Not Play,Did Not Play,,,Did Not Play,Did Not Play,,,,Did Not Play,Did Not Play,Did Not Play,Did Not Play,https://www.basketball-reference.com/players/a/baglema01/gamelog/2022,baglema01,2022
0,1,1.0,2021-10-20,29-143,SAC,@,POR,W (+3),1,36:54,10,19,0.526,8.0,11.0,0.727,8,9,0.889,2.0,7.0,9,2,2.0,0.0,0.0,0,36,33.2,6,https://www.basketball-reference.com/players/a/barneha02/gamelog/2022,barneha02,2022
0,1,1.0,2021-10-20,24-157,SAC,@,POR,W (+3),0,13:07,2,10,0.2,2.0,8.0,0.25,0,0,,0.0,0.0,0,3,1.0,0.0,1.0,3,6,0.7,-7,https://www.basketball-reference.com/players/a/daviste02/gamelog/2022,daviste02,2022
0,1,1.0,2021-10-20,23-304,SAC,@,POR,W (+3),1,36:07,9,22,0.409,2.0,8.0,0.25,7,10,0.7,0.0,5.0,5,8,0.0,1.0,5.0,5,27,14.8,6,https://www.basketball-reference.com/players/a/foxde01/gamelog/2022,foxde01,2022
0,1,1.0,2021-10-20,21-233,SAC,@,POR,W (+3),1,28:36,1,5,0.2,0.0,1.0,0.0,0,0,,0.0,2.0,2,4,1.0,0.0,1.0,2,2,1.5,8,https://www.basketball-reference.com/players/a/halibty01/gamelog/2022,halibty01,2022
0,1,1.0,2021-10-20,28-162,SAC,@,POR,W (+3),1,22:01,2,6,0.33299999999999996,0.0,3.0,0.0,3,3,1.0,0.0,2.0,2,0,1.0,1.0,1.0,2,7,4.1,4,https://www.basketball-reference.com/players/a/harklma01/gamelog/2022,harklma01,2022
0,1,1.0,2021-10-20,28-307,SAC,@,POR,W (+3),0,30:52,5,9,0.556,4.0,7.0,0.5710000000000001,3,4,0.75,0.0,6.0,6,2,0.0,0.0,0.0,2,17,14.7,5,https://www.basketball-reference.com/players/a/hieldbu01/gamelog/2022,hieldbu01,2022
0,1,1.0,2021-10-20,28-005,SAC,@,POR,W (+3),1,29:08,9,10,0.9,1.0,1.0,1.0,2,3,0.667,4.0,7.0,11,2,1.0,2.0,1.0,2,21,24.1,20,https://www.basketball-reference.com/players/a/holmeri01/gamelog/2022,holmeri01,2022
0,1,,2021-10-20,28-126,SAC,@,POR,W (+3),Did Not Play,Did Not Play,Did Not Play,Did Not Play,Did Not Play,,,,Did Not Play,Did Not Play,Did Not Play,,,Did Not Play,Did Not Play,,,,Did Not Play,Did Not Play,Did Not Play,Did Not Play,https://www.basketball-reference.com/players/a/lenal01/gamelog/2022,lenal01,2022
0,1,,2021-10-20,24-212,SAC,@,POR,W (+3),Did Not Play,Did Not Play,Did Not Play,Did Not Play,Did Not Play,,,,Did Not Play,Did Not Play,Did Not Play,,,Did Not Play,Did Not Play,,,,Did Not Play,Did Not Play,Did Not Play,Did Not Play,https://www.basketball-reference.com/players/a/metuch01/gamelog/2022,metuch01,2022
0,1,1.0,2021-10-20,23-045,SAC,@,POR,W (+3),0,24:26,1,6,0.16699999999999998,0.0,2.0,0.0,0,0,,0.0,3.0,3,3,0.0,0.0,0.0,3,2,0.0,-10,https://www.basketball-reference.com/players/a/mitchda01/gamelog/2022,mitchda01,2022
0,1,,2021-10-20,22-099,SAC,@,POR,W (+3),Inactive,Inactive,Inactive,Inactive,Inactive,,,,Inactive,Inactive,Inactive,,,Inactive,Inactive,,,,Inactive,Inactive,Inactive,Inactive,https://www.basketball-reference.com/players/a/quetane01/gamelog/2022,quetane01,2022
0,1,,2021-10-20,20-133,SAC,@,POR,W (+3),Inactive,Inactive,Inactive,Inactive,Inactive,,,,Inactive,Inactive,Inactive,,,Inactive,Inactive,,,,Inactive,Inactive,Inactive,Inactive,https://www.basketball-reference.com/players/a/ramseja01/gamelog/2022,ramseja01,2022
0,1,1.0,2021-10-20,30-221,SAC,@,POR,W (+3),0,18:49,3,5,0.6,0.0,0.0,,0,0,,1.0,4.0,5,0,0.0,0.0,1.0,3,6,3.4,-17,https://www.basketball-reference.com/players/a/thomptr01/gamelog/2022,thomptr01,2022
0,1,,2021-10-20,22-028,SAC,@,POR,W (+3),Did Not Play,Did Not Play,Did Not Play,Did Not Play,Did Not Play,,,,Did Not Play,Did Not Play,Did Not Play,,,Did Not Play,Did Not Play,,,,Did Not Play,Did Not Play,Did Not Play,Did Not Play,https://www.basketball-reference.com/players/a/woodaro01/gamelog/2022,woodaro01,2022
0,1,1.0,2021-10-20,28-092,MEM,,CLE,W (+11),1,31:45,4,7,0.5710000000000001,0.0,0.0,,0,0,,6.0,8.0,14,3,1.0,1.0,2.0,0,8,13.1,1,https://www.basketball-reference.com/players/a/adamsst01/gamelog/2022,adamsst01,2022
0,1,,2021-10-20,20-283,MEM,,CLE,W (+11),Did Not Play,Did Not Play,Did Not Play,Did Not Play,Did Not Play,,,,Did Not Play,Did Not Play,Did Not Play,,,Did Not Play,Did Not Play,,,,Did Not Play,Did Not Play,Did Not Play,Did Not Play,https://www.basketball-reference.com/players/a/aldamsa01/gamelog/2022,aldamsa01,2022
0,1,1.0,2021-10-20,28-030,MEM,,CLE,W (+11),0,21:50,3,7,0.429,2.0,5.0,0.4,2,2,1.0,0.0,7.0,7,4,2.0,0.0,0.0,2,10,12.4,-10,https://www.basketball-reference.com/players/a/anderky01/gamelog/2022,anderky01,2022
0,1,1.0,2021-10-20,23-117,MEM,,CLE,W (+11),1,29:39,8,16,0.5,2.0,6.0,0.33299999999999996,4,4,1.0,1.0,2.0,3,3,2.0,0.0,3.0,2,22,15.6,-7,https://www.basketball-reference.com/players/a/banede01/gamelog/2022,banede01,2022
0,1,,2021-10-20,25-271,MEM,,CLE,W (+11),Inactive,Inactive,Inactive,Inactive,Inactive,,,,Inactive,Inactive,Inactive,,,Inactive,Inactive,,,,Inactive,Inactive,Inactive,Inactive,https://www.basketball-reference.com/players/a/brookdi01/gamelog/2022,brookdi01,2022
0,1,1.0,2021-10-20,25-031,MEM,,CLE,W (+11),0,11:37,3,3,1.0,0.0,0.0,,0,0,,1.0,2.0,3,1,0.0,1.0,0.0,2,6,7.0,15,https://www.basketball-reference.com/players/a/clarkbr01/gamelog/2022,clarkbr01,2022
0,1,,2021-10-20,22-242,MEM,,CLE,W (+11),Did Not Play,Did Not Play,Did Not Play,Did Not Play,Did Not Play,,,,Did Not Play,Did Not Play,Did Not Play,,,Did Not Play,Did Not Play,,,,Did Not Play,Did Not Play,Did Not Play,Did Not Play,https://www.basketball-reference.com/players/a/culveja01/gamelog/2022,culveja01,2022
0,1,,2021-10-20,26-022,BOS,@,NYK,L (-4),Did Not Play,Did Not Play,Did Not Play,Did Not Play,Did Not Play,,,,Did Not Play,Did Not Play,Did Not Play,,,Did Not Play,Did Not Play,,,,Did Not Play,Did Not Play,Did Not Play,Did Not Play,https://www.basketball-reference.com/players/a/hernaju01/gamelog/2022,hernaju01,2022
0,1,1.0,2021-10-20,22-035,MEM,,CLE,W (+11),1,30:48,3,12,0.25,3.0,8.0,0.375,4,4,1.0,0.0,6.0,6,2,0.0,4.0,2.0,2,13,9.0,16,https://www.basketball-reference.com/players/a/jacksja02/gamelog/2022,jacksja02,2022
0,1,1.0,2021-10-20,25-163,MEM,,CLE,W (+11),0,14:24,4,7,0.5710000000000001,1.0,2.0,0.5,0,0,,0.0,2.0,2,5,1.0,0.0,0.0,0,9,10.8,17,https://www.basketball-reference.com/players/a/jonesty01/gamelog/2022,jonesty01,2022
0,1,1.0,2021-10-20,25-212,MEM,,CLE,W (+11),0,18:32,2,3,0.667,0.0,1.0,0.0,0,0,,2.0,4.0,6,0,1.0,0.0,0.0,4,4,4.7,-1,https://www.basketball-reference.com/players/a/konchjo01/gamelog/2022,konchjo01,2022
0,1,1.0,2021-10-20,23-145,MEM,,CLE,W (+11),1,30:39,8,14,0.5710000000000001,4.0,6.0,0.667,0,0,,2.0,2.0,4,3,0.0,0.0,0.0,0,20,17.5,17,https://www.basketball-reference.com/players/a/meltode01/gamelog/2022,meltode01,2022
0,1,,2021-10-20,25-158,MEM,,CLE,W (+11),Did Not Play,Did Not Play,Did Not Play,Did Not Play,Did Not Play,,,,Did Not Play,Did Not Play,Did Not Play,,,Did Not Play,Did Not Play,,,,Did Not Play,Did Not Play,Did Not Play,Did Not Play,https://www.basketball-reference.com/players/a/merrisa01/gamelog/2022,merrisa01,2022
0,1,1.0,2021-10-20,22-071,MEM,,CLE,W (+11),1,33:36,17,29,0.586,1.0,4.0,0.25,2,2,1.0,1.0,5.0,6,6,0.0,2.0,2.0,2,37,28.5,-6,https://www.basketball-reference.com/players/a/moranja01/gamelog/2022,moranja01,2022
0,1,,2021-10-20,22-166,MEM,,CLE,W (+11),Inactive,Inactive,Inactive,Inactive,Inactive,,,,Inactive,Inactive,Inactive,,,Inactive,Inactive,,,,Inactive,Inactive,Inactive,Inactive,https://www.basketball-reference.com/players/a/ponsyv01/gamelog/2022,ponsyv01,2022
0,1,,2021-10-20,23-229,MEM,,CLE,W (+11),Did Not Play,Did Not Play,Did Not Play,Did Not Play,Did Not Play,,,,Did Not Play,Did Not Play,Did Not Play,,,Did Not Play,Did Not Play,,,,Did Not Play,Did Not Play,Did Not Play,Did Not Play,https://www.basketball-reference.com/players/a/tilliki02/gamelog/2022,tilliki02,2022
0,1,,2021-10-20,22-281,MEM,,CLE,W (+11),Did Not Play,Did Not Play,Did Not Play,Did Not Play,Did Not Play,,,,Did Not Play,Did Not Play,Did Not Play,,,Did Not Play,Did Not Play,,,,Did Not Play,Did Not Play,Did Not Play,Did Not Play,https://www.basketball-reference.com/players/a/tillmxa01/gamelog/2022,tillmxa01,2022
0,1,,2021-10-20,21-106,NOP,,PHI,L (-20),Inactive,Inactive,Inactive,Inactive,Inactive,,,,Inactive,Inactive,Inactive,,,Inactive,Inactive,,,,Inactive,Inactive,Inactive,Inactive,https://www.basketball-reference.com/players/a/willizi01/gamelog/2022,willizi01,2022
0,1,1.0,2021-10-20,23-048,NOP,,PHI,L (-20),1,34:00,9,16,0.563,4.0,8.0,0.5,1,2,0.5,0.0,5.0,5,1,1.0,1.0,1.0,2,23,17.1,-19,https://www.basketball-reference.com/players/a/alexani01/gamelog/2022,alexani01,2022
0,1,,2021-10-20,23-191,NOP,,PHI,L (-20),Did Not Play,Did Not Play,Did Not Play,Did Not Play,Did Not Play,,,,Did Not Play,Did Not Play,Did Not Play,,,Did Not Play,Did Not Play,,,,Did Not Play,Did Not Play,Did Not Play,Did Not Play,https://www.basketball-reference.com/players/a/alvarjo01/gamelog/2022,alvarjo01,2022
0,1,1.0,2021-10-20,26-240,NOP,,PHI,L (-20),1,29:09,6,9,0.667,4.0,6.0,0.667,2,3,0.667,0.0,1.0,1,5,1.0,1.0,3.0,0,18,16.2,-19,https://www.basketball-reference.com/players/a/grahade01/gamelog/2022,grahade01,2022
0,1,1.0,2021-10-20,26-228,NOP,,PHI,L (-20),1,10:10,2,2,1.0,0.0,0.0,,1,2,0.5,0.0,2.0,2,1,0.0,0.0,0.0,1,5,4.9,-2,https://www.basketball-reference.com/players/a/hartjo01/gamelog/2022,hartjo01,2022
0,1,1.0,2021-10-20,21-150,NOP,,PHI,L (-20),0,18:25,2,4,0.5,0.0,0.0,,0,0,,4.0,2.0,6,0,1.0,0.0,1.0,1,4,5.0,1,https://www.basketball-reference.com/players/a/hayesja02/gamelog/2022,hayesja02,2022
0,1,,2021-10-20,27-146,NOP,,PHI,L (-20),Did Not Play,Did Not Play,Did Not Play,Did Not Play,Did Not Play,,,,Did Not Play,Did Not Play,Did Not Play,,,Did Not Play,Did Not Play,,,,Did Not Play,Did Not Play,Did Not Play,Did Not Play,https://www.basketball-reference.com/players/a/hernawi01/gamelog/2022,hernawi01,2022
0,1,,2021-10-20,25-108,NOP,,PHI,L (-20),Inactive,Inactive,Inactive,Inactive,Inactive,,,,Inactive,Inactive,Inactive,,,Inactive,Inactive,,,,Inactive,Inactive,Inactive,Inactive,https://www.basketball-reference.com/players/a/hommeda01/gamelog/2022,hommeda01,2022
0,1,1.0,2021-10-20,24-048,NOP,,PHI,L (-20),1,36:37,12,26,0.462,1.0,3.0,0.33299999999999996,0,0,,0.0,7.0,7,6,0.0,1.0,4.0,1,25,14.2,-29,https://www.basketball-reference.com/players/a/ingrabr01/gamelog/2022,ingrabr01,2022
0,1,1.0,2021-10-20,23-014,NOP,,PHI,L (-20),0,3:15,0,0,,0.0,0.0,,0,0,,0.0,0.0,0,0,0.0,0.0,0.0,0,0,0.0,6,https://www.basketball-reference.com/players/a/joneshe01/gamelog/2022,joneshe01,2022
0,1,1.0,2021-10-20,20-197,NOP,,PHI,L (-20),0,16:44,2,6,0.33299999999999996,1.0,2.0,0.5,0,0,,1.0,3.0,4,5,1.0,0.0,1.0,1,5,6.3,1,https://www.basketball-reference.com/players/a/lewiski01/gamelog/2022,lewiski01,2022
0,1,1.0,2021-10-20,23-269,NOP,,PHI,L (-20),0,20:10,1,2,0.5,0.0,1.0,0.0,0,0,,0.0,4.0,4,2,0.0,2.0,1.0,3,2,2.8,12,https://www.basketball-reference.com/players/a/marshna01/gamelog/2022,marshna01,2022
0,1,1.0,2021-10-20,29-355,NOP,,PHI,L (-20),0,8:40,0,1,0.0,0.0,1.0,0.0,0,0,,0.0,2.0,2,2,1.0,0.0,1.0,1,0,0.9,-9,https://www.basketball-reference.com/players/a/satorto01/gamelog/2022,satorto01,2022
0,1,1.0,2021-10-20,35-165,NOP,,PHI,L (-20),0,15:06,0,1,0.0,0.0,1.0,0.0,0,0,,0.0,1.0,1,1,0.0,0.0,0.0,1,0,-0.1,-17,https://www.basketball-reference.com/players/a/templga01/gamelog/2022,templga01,2022
0,1,1.0,2021-10-20,29-167,NOP,,PHI,L (-20),1,29:35,3,19,0.158,1.0,3.0,0.33299999999999996,2,2,1.0,5.0,7.0,12,3,0.0,1.0,1.0,4,9,2.7,-21,https://www.basketball-reference.com/players/a/valanjo01/gamelog/2022,valanjo01,2022
0,1,,2021-10-20,21-106,NOP,,PHI,L (-20),Inactive,Inactive,Inactive,Inactive,Inactive,,,,Inactive,Inactive,Inactive,,,Inactive,Inactive,,,,Inactive,Inactive,Inactive,Inactive,https://www.basketball-reference.com/players/a/willizi01/gamelog/2022,willizi01,2022
0,1,1.0,2021-10-20,30-287,DEN,@,PHO,W (+12),1,33:30,8,14,0.5710000000000001,4.0,8.0,0.5,0,0,,0.0,6.0,6,5,1.0,0.0,0.0,2,20,18.9,20,https://www.basketball-reference.com/players/a/bartowi01/gamelog/2022,bartowi01,2022
0,1,,2021-10-20,21-338,DEN,@,PHO,W (+12),Did Not Play,Did Not Play,Did Not Play,Did Not Play,Did Not Play,,,,Did Not Play,Did Not Play,Did Not Play,,,Did Not Play,Did Not Play,,,,Did Not Play,Did Not Play,Did Not Play,Did Not Play,https://www.basketball-reference.com/players/a/bolbo01/gamelog/2022,bolbo01,2022
0,1,1.0,2021-10-20,30-211,DEN,@,PHO,W (+12),0,19:34,0,3,0.0,0.0,1.0,0.0,0,0,,0.0,3.0,3,4,2.0,0.0,2.0,1,0,1.2,-6,https://www.basketball-reference.com/players/a/campafa01/gamelog/2022,campafa01,2022
0,1,,2021-10-20,24-193,DEN,@,PHO,W (+12),Inactive,Inactive,Inactive,Inactive,Inactive,,,,Inactive,Inactive,Inactive,,,Inactive,Inactive,,,,Inactive,Inactive,Inactive,Inactive,https://www.basketball-reference.com/players/a/cancavl01/gamelog/2022,cancavl01,2022
0,1,1.0,2021-10-20,24-360,DEN,@,PHO,W (+12),0,20:48,3,4,0.75,3.0,4.0,0.75,1,2,0.5,1.0,4.0,5,1,1.0,0.0,1.0,2,10,9.8,-7,https://www.basketball-reference.com/players/a/doziepj01/gamelog/2022,doziepj01,2022
0,1,1.0,2021-10-20,26-034,DEN,@,PHO,W (+12),1,29:01,5,6,0.833,1.0,1.0,1.0,1,2,0.5,2.0,6.0,8,4,0.0,1.0,3.0,2,12,12.3,22,https://www.basketball-reference.com/players/a/gordoaa01/gamelog/2022,gordoaa01,2022
0,1,1.0,2021-10-20,31-121,DEN,@,PHO,W (+12),0,13:17,1,4,0.25,0.0,2.0,0.0,0,0,,0.0,2.0,2,0,1.0,0.0,2.0,3,2,-2.0,-16,https://www.basketball-reference.com/players/a/greenja01/gamelog/2022,greenja01,2022
0,1,1.0,2021-10-20,35-053,DEN,@,PHO,W (+12),0,18:59,4,9,0.444,3.0,6.0,0.5,2,2,1.0,0.0,1.0,1,1,0.0,0.0,2.0,3,13,6.1,-10,https://www.basketball-reference.com/players/a/greenje02/gamelog/2022,greenje02,2022
0,1,1.0,2021-10-20,26-243,DEN,@,PHO,W (+12),1,34:43,13,22,0.591,1.0,6.0,0.16699999999999998,0,0,,2.0,11.0,13,2,2.0,0.0,3.0,3,27,20.7,28,https://www.basketball-reference.com/players/a/jokicni01/gamelog/2022,jokicni01,2022
0,1,1.0,2021-10-20,26-115,DEN,@,PHO,W (+12),1,28:26,3,8,0.375,3.0,6.0,0.5,0,2,0.0,0.0,2.0,2,3,0.0,0.0,1.0,1,9,5.1,18,https://www.basketball-reference.com/players/a/morrimo01/gamelog/2022,morrimo01,2022
0,1,,2021-10-20,24-239,DEN,@,PHO,W (+12),Inactive,Inactive,Inactive,Inactive,Inactive,,,,Inactive,Inactive,Inactive,,,Inactive,Inactive,,,,Inactive,Inactive,Inactive,Inactive,https://www.basketball-reference.com/players/a/murraja01/gamelog/2022,murraja01,2022
0,1,,2021-10-20,20-284,DEN,@,PHO,W (+12),Did Not Play,Did Not Play,Did Not Play,Did Not Play,Did Not Play,,,,Did Not Play,Did Not Play,Did Not Play,,,Did Not Play,Did Not Play,,,,Did Not Play,Did Not Play,Did Not Play,Did Not Play,https://www.basketball-reference.com/players/a/nnajize01/gamelog/2022,nnajize01,2022
0,1,1.0,2021-10-20,23-113,DEN,@,PHO,W (+12),1,33:59,6,10,0.6,2.0,3.0,0.667,1,1,1.0,1.0,5.0,6,5,2.0,0.0,2.0,3,15,14.9,24,https://www.basketball-reference.com/players/a/portemi01/gamelog/2022,portemi01,2022
0,1,1.0,2021-10-20,29-080,DEN,@,PHO,W (+12),0,7:43,1,3,0.33299999999999996,0.0,2.0,0.0,0,0,,0.0,0.0,0,0,0.0,0.0,1.0,0,2,-0.7,-13,https://www.basketball-reference.com/players/a/riverau01/gamelog/2022,riverau01,2022
0,1,1.0,2021-10-20,33-344,HOU,@,MIN,L (-18),0,16:40,1,4,0.25,0.0,2.0,0.0,0,0,,0.0,0.0,0,2,1.0,0.0,3.0,1,2,-1.4,-19,https://www.basketball-reference.com/players/a/augusdj01/gamelog/2022,augusdj01,2022
0,1,1.0,2021-10-19,30-327,LAL,,GSW,L (-7),0,8:14,2,3,0.667,2.0,3.0,0.667,0,0,,1.0,0.0,1,1,0.0,0.0,1.0,2,6,4.3,1,https://www.basketball-reference.com/players/a/bradlav01/gamelog/2022,bradlav01,2022
0,1,1.0,2021-10-20,23-137,HOU,@,MIN,L (-18),0,8:22,2,4,0.5,1.0,3.0,0.33299999999999996,1,1,1.0,0.0,0.0,0,0,0.0,0.0,0.0,1,6,3.6,17,https://www.basketball-reference.com/players/a/brookar01/gamelog/2022,brookar01,2022
0,1,1.0,2021-10-20,19-316,HOU,@,MIN,L (-18),0,8:22,1,3,0.33299999999999996,1.0,1.0,1.0,2,2,1.0,1.0,0.0,1,1,2.0,0.0,1.0,0,5,5.7,17,https://www.basketball-reference.com/players/a/chrisjo01/gamelog/2022,chrisjo01,2022
0,1,1.0,2021-10-20,19-225,HOU,@,MIN,L (-18),0,8:22,2,3,0.667,0.0,0.0,,0,0,,1.0,1.0,2,1,1.0,2.0,0.0,1,4,6.4,17,https://www.basketball-reference.com/players/a/garubus01/gamelog/2022,garubus01,2022
0,1,1.0,2021-10-20,32-299,HOU,@,MIN,L (-18),0,22:47,6,8,0.75,3.0,4.0,0.75,0,0,,0.0,2.0,2,0,1.0,0.0,3.0,0,15,10.4,-27,https://www.basketball-reference.com/players/a/gordoer01/gamelog/2022,gordoer01,2022
0,1,1.0,2021-10-20,31-121,DEN,@,PHO,W (+12),0,13:17,1,4,0.25,0.0,2.0,0.0,0,0,,0.0,2.0,2,0,1.0,0.0,2.0,3,2,-2.0,-16,https://www.basketball-reference.com/players/a/greenja01/gamelog/2022,greenja01,2022
0,1,,2021-10-20,28-135,HOU,@,MIN,L (-18),Inactive,Inactive,Inactive,Inactive,Inactive,,,,Inactive,Inactive,Inactive,,,Inactive,Inactive,,,,Inactive,Inactive,Inactive,Inactive,https://www.basketball-reference.com/players/a/houseda01/gamelog/2022,houseda01,2022
0,1,1.0,2021-10-20,20-287,HOU,@,MIN,L (-18),0,9:09,3,4,0.75,0.0,0.0,,1,2,0.5,1.0,1.0,2,1,1.0,0.0,0.0,0,7,7.7,13,https://www.basketball-reference.com/players/a/martike04/gamelog/2022,martike04,2022
0,1,,2021-10-20,19-249,HOU,@,MIN,L (-18),Inactive,Inactive,Inactive,Inactive,Inactive,,,,Inactive,Inactive,Inactive,,,Inactive,Inactive,,,,Inactive,Inactive,Inactive,Inactive,https://www.basketball-reference.com/players/a/nixda01/gamelog/2022,nixda01,2022
0,1,1.0,2021-10-20,28-279,HOU,@,MIN,L (-18),0,17:02,3,7,0.429,0.0,2.0,0.0,1,4,0.25,0.0,4.0,4,2,2.0,0.0,1.0,6,7,3.3,18,https://www.basketball-reference.com/players/a/nwabada01/gamelog/2022,nwabada01,2022
0,1,1.0,2021-10-20,21-169,HOU,@,MIN,L (-18),1,24:45,4,12,0.33299999999999996,2.0,7.0,0.28600000000000003,1,2,0.5,1.0,2.0,3,3,1.0,0.0,9.0,3,11,-2.0,-18,https://www.basketball-reference.com/players/a/porteke02/gamelog/2022,porteke02,2022
0,1,1.0,2021-10-20,19-087,HOU,@,MIN,L (-18),0,18:34,3,4,0.75,0.0,0.0,,5,5,1.0,3.0,3.0,6,2,3.0,0.0,3.0,4,11,12.2,-8,https://www.basketball-reference.com/players/a/sengual01/gamelog/2022,sengual01,2022
0,1,1.0,2021-10-20,25-357,HOU,@,MIN,L (-18),1,21:10,1,4,0.25,0.0,0.0,,0,0,,1.0,2.0,3,2,0.0,0.0,2.0,4,2,-1.3,-16,https://www.basketball-reference.com/players/a/tateja01/gamelog/2022,tateja01,2022
0,1,1.0,2021-10-20,29-199,HOU,@,MIN,L (-18),1,20:34,4,6,0.667,1.0,2.0,0.5,2,2,1.0,2.0,3.0,5,0,0.0,0.0,1.0,2,11,8.9,-23,https://www.basketball-reference.com/players/a/theisda01/gamelog/2022,theisda01,2022
0,1,,2021-10-20,31-044,HOU,@,MIN,L (-18),Inactive,Inactive,Inactive,Inactive,Inactive,,,,Inactive,Inactive,Inactive,,,Inactive,Inactive,,,,Inactive,Inactive,Inactive,Inactive,https://www.basketball-reference.com/players/a/walljo01/gamelog/2022,walljo01,2022
0,1,1.0,2021-10-20,26-023,HOU,@,MIN,L (-18),1,32:02,6,15,0.4,2.0,6.0,0.33299999999999996,2,4,0.5,2.0,7.0,9,3,0.0,1.0,1.0,3,16,11.2,-24,https://www.basketball-reference.com/players/a/woodch01/gamelog/2022,woodch01,2022
0,1,1.0,2021-10-20,25-270,SAS,,ORL,W (+26),0,11:20,3,3,1.0,1.0,1.0,1.0,0,0,,0.0,1.0,1,0,0.0,0.0,1.0,2,7,4.6,19,https://www.basketball-reference.com/players/a/bateske01/gamelog/2022,bateske01,2022
0,1,,2021-10-20,23-335,SAS,,ORL,W (+26),Inactive,Inactive,Inactive,Inactive,Inactive,,,,Inactive,Inactive,Inactive,,,Inactive,Inactive,,,,Inactive,Inactive,Inactive,Inactive,https://www.basketball-reference.com/players/a/colliza01/gamelog/2022,colliza01,2022
0,1,1.0,2021-10-20,24-261,SAS,,ORL,W (+26),0,13:47,1,2,0.5,0.0,0.0,,0,0,,2.0,4.0,6,2,0.0,1.0,1.0,2,2,3.9,15,https://www.basketball-reference.com/players/a/eubandr01/gamelog/2022,eubandr01,2022
0,1,1.0,2021-10-20,28-089,SAS,,ORL,W (+26),0,6:17,0,4,0.0,0.0,3.0,0.0,0,0,,0.0,0.0,0,0,0.0,0.0,0.0,0,0,-2.8,1,https://www.basketball-reference.com/players/a/forbebr01/gamelog/2022,forbebr01,2022
0,1,1.0,2021-10-20,22-009,SAS,,ORL,W (+26),1,27:39,6,12,0.5,0.0,1.0,0.0,3,6,0.5,2.0,2.0,4,1,0.0,0.0,2.0,2,15,7.7,4,https://www.basketball-reference.com/players/a/johnske04/gamelog/2022,johnske04,2022
0,1,1.0,2021-10-20,21-285,SAS,,ORL,W (+26),0,8:00,2,3,0.667,0.0,0.0,,0,0,,0.0,0.0,0,1,0.0,0.0,0.0,0,4,3.4,0,https://www.basketball-reference.com/players/a/jonestr01/gamelog/2022,jonestr01,2022
0,1,1.0,2021-10-20,25-360,SAS,,ORL,W (+26),0,4:24,0,1,0.0,0.0,0.0,,1,2,0.5,1.0,0.0,1,1,0.0,1.0,0.0,0,1,2.0,0,https://www.basketball-reference.com/players/a/landajo01/gamelog/2022,landajo01,2022
0,1,1.0,2021-10-20,29-290,SAS,,ORL,W (+26),1,22:27,4,7,0.5710000000000001,2.0,3.0,0.667,2,2,1.0,0.0,0.0,0,0,0.0,0.0,0.0,2,12,7.9,7,https://www.basketball-reference.com/players/a/mcderdo01/gamelog/2022,mcderdo01,2022
0,1,1.0,2021-10-20,25-031,SAS,,ORL,W (+26),1,30:53,6,17,0.353,0.0,4.0,0.0,3,3,1.0,0.0,6.0,6,8,4.0,0.0,3.0,3,15,12.7,13,https://www.basketball-reference.com/players/a/murrade01/gamelog/2022,murrade01,2022
0,1,1.0,2021-10-20,26-005,SAS,,ORL,W (+26),1,29:49,6,8,0.75,0.0,0.0,,0,0,,8.0,5.0,13,7,0.0,0.0,1.0,3,12,18.6,11,https://www.basketball-reference.com/players/a/poeltja01/gamelog/2022,poeltja01,2022
0,1,1.0,2021-10-20,18-300,SAS,,ORL,W (+26),0,4:54,1,1,1.0,1.0,1.0,1.0,0,0,,0.0,0.0,0,0,0.0,0.0,0.0,0,3,2.7,1,https://www.basketball-reference.com/players/a/primojo01/gamelog/2022,primojo01,2022
0,1,,2021-10-20,21-284,NYK,,BOS,W (+4),Inactive,Inactive,Inactive,Inactive,Inactive,,,,Inactive,Inactive,Inactive,,,Inactive,Inactive,,,,Inactive,Inactive,Inactive,Inactive,https://www.basketball-reference.com/players/a/samanlu01/gamelog/2022,samanlu01,2022
0,1,1.0,2021-10-20,21-058,SAS,,ORL,W (+26),0,25:07,8,12,0.667,3.0,4.0,0.75,0,0,,0.0,2.0,2,5,2.0,0.0,0.0,2,19,19.1,24,https://www.basketball-reference.com/players/a/vassede01/gamelog/2022,vassede01,2022
0,1,1.0,2021-10-20,22-310,SAS,,ORL,W (+26),0,25:25,6,17,0.353,3.0,9.0,0.33299999999999996,2,2,1.0,0.0,6.0,6,3,1.0,1.0,0.0,4,17,11.5,26,https://www.basketball-reference.com/players/a/walkelo01/gamelog/2022,walkelo01,2022
0,1,1.0,2021-10-20,27-110,SAS,,ORL,W (+26),1,29:58,6,11,0.545,3.0,4.0,0.75,1,3,0.33299999999999996,0.0,4.0,4,4,1.0,0.0,0.0,2,16,14.1,9,https://www.basketball-reference.com/players/a/whitede01/gamelog/2022,whitede01,2022
0,1,,2021-10-20,22-058,SAS,,ORL,W (+26),Inactive,Inactive,Inactive,Inactive,Inactive,,,,Inactive,Inactive,Inactive,,,Inactive,Inactive,,,,Inactive,Inactive,Inactive,Inactive,https://www.basketball-reference.com/players/a/wieskjo01/gamelog/2022,wieskjo01,2022
0,1,,2021-10-20,33-121,SAS,,ORL,W (+26),Inactive,Inactive,Inactive,Inactive,Inactive,,,,Inactive,Inactive,Inactive,,,Inactive,Inactive,,,,Inactive,Inactive,Inactive,Inactive,https://www.basketball-reference.com/players/a/youngth01/gamelog/2022,youngth01,2022
0,1,1.0,2021-10-19,33-163,GSW,@,LAL,W (+7),0,25:56,6,7,0.857,1.0,1.0,1.0,2,2,1.0,2.0,9.0,11,4,1.0,0.0,1.0,2,15,18.6,20,https://www.basketball-reference.com/players/a/bjeline01/gamelog/2022,bjeline01,2022
0,1,,2021-10-19,25-332,GSW,@,LAL,W (+7),Inactive,Inactive,Inactive,Inactive,Inactive,,,,Inactive,Inactive,Inactive,,,Inactive,Inactive,,,,Inactive,Inactive,Inactive,Inactive,https://www.basketball-reference.com/players/a/chiozch01/gamelog/2022,chiozch01,2022
0,1,1.0,2021-10-19,33-219,GSW,@,LAL,W (+7),1,36:11,5,21,0.23800000000000002,2.0,8.0,0.25,9,9,1.0,1.0,9.0,10,10,3.0,0.0,4.0,1,21,17.3,4,https://www.basketball-reference.com/players/a/curryst01/gamelog/2022,curryst01,2022
0,1,1.0,2021-10-19,31-229,GSW,@,LAL,W (+7),1,29:56,2,5,0.4,0.0,0.0,,2,4,0.5,3.0,5.0,8,6,1.0,0.0,5.0,3,6,5.1,-2,https://www.basketball-reference.com/players/a/greendr01/gamelog/2022,greendr01,2022
0,1,1.0,2021-10-19,37-264,GSW,@,LAL,W (+7),0,22:58,4,7,0.5710000000000001,2.0,5.0,0.4,2,2,1.0,0.0,1.0,1,2,0.0,1.0,0.0,1,12,10.7,8,https://www.basketball-reference.com/players/a/iguodan01/gamelog/2022,iguodan01,2022
0,1,,2021-10-19,19-013,GSW,@,LAL,W (+7),Inactive,Inactive,Inactive,Inactive,Inactive,,,,Inactive,Inactive,Inactive,,,Inactive,Inactive,,,,Inactive,Inactive,Inactive,Inactive,https://www.basketball-reference.com/players/a/kuminjo01/gamelog/2022,kuminjo01,2022
0,1,1.0,2021-10-19,28-363,GSW,@,LAL,W (+7),0,29:04,4,10,0.4,1.0,5.0,0.2,6,6,1.0,0.0,1.0,1,2,0.0,0.0,0.0,3,15,10.1,9,https://www.basketball-reference.com/players/a/leeda03/gamelog/2022,leeda03,2022
0,1,1.0,2021-10-19,25-255,GSW,@,LAL,W (+7),1,15:28,3,5,0.6,0.0,0.0,,1,2,0.5,2.0,2.0,4,1,1.0,1.0,1.0,0,7,7.7,-8,https://www.basketball-reference.com/players/a/looneke01/gamelog/2022,looneke01,2022
0,1,1.0,2021-10-19,19-141,GSW,@,LAL,W (+7),0,5:34,1,3,0.33299999999999996,0.0,0.0,,0,0,,0.0,2.0,2,0,0.0,0.0,0.0,0,2,0.9,-1,https://www.basketball-reference.com/players/a/moodymo01/gamelog/2022,moodymo01,2022
0,1,1.0,2021-10-19,22-122,GSW,@,LAL,W (+7),1,25:04,8,18,0.444,4.0,11.0,0.364,0,1,0.0,0.0,2.0,2,3,1.0,0.0,2.0,2,20,11.1,2,https://www.basketball-reference.com/players/a/poolejo01/gamelog/2022,poolejo01,2022
0,1,1.0,2021-10-19,28-138,GSW,@,LAL,W (+7),0,11:35,1,3,0.33299999999999996,1.0,2.0,0.5,2,2,1.0,0.0,1.0,1,0,1.0,0.0,1.0,2,5,2.8,1,https://www.basketball-reference.com/players/a/porteot01/gamelog/2022,porteot01,2022
0,1,,2021-10-19,31-253,GSW,@,LAL,W (+7),Inactive,Inactive,Inactive,Inactive,Inactive,,,,Inactive,Inactive,Inactive,,,Inactive,Inactive,,,,Inactive,Inactive,Inactive,Inactive,https://www.basketball-reference.com/players/a/thompkl01/gamelog/2022,thompkl01,2022
0,1,1.0,2021-10-19,28-192,GSW,@,LAL,W (+7),0,12:23,2,3,0.667,1.0,2.0,0.5,1,2,0.5,0.0,3.0,3,1,0.0,0.0,1.0,1,6,4.5,7,https://www.basketball-reference.com/players/a/toscaju01/gamelog/2022,toscaju01,2022
0,1,1.0,2021-10-19,26-238,GSW,@,LAL,W (+7),1,25:44,5,10,0.5,2.0,5.0,0.4,0,0,,1.0,6.0,7,1,1.0,0.0,2.0,3,12,8.0,-5,https://www.basketball-reference.com/players/a/wiggian01/gamelog/2022,wiggian01,2022
0,1,,2021-10-19,20-202,GSW,@,LAL,W (+7),Inactive,Inactive,Inactive,Inactive,Inactive,,,,Inactive,Inactive,Inactive,,,Inactive,Inactive,,,,Inactive,Inactive,Inactive,Inactive,https://www.basketball-reference.com/players/a/wisemja01/gamelog/2022,wisemja01,2022
0,1,1.0,2021-10-20,21-130,OKC,@,UTA,L (-21),1,30:23,5,14,0.35700000000000004,1.0,7.0,0.14300000000000002,4,5,0.8,1.0,6.0,7,2,0.0,0.0,1.0,0,15,9.7,-19,https://www.basketball-reference.com/players/a/bazleda01/gamelog/2022,bazleda01,2022
0,1,,2021-10-20,26-254,OKC,@,UTA,L (-21),Did Not Play,Did Not Play,Did Not Play,Did Not Play,Did Not Play,,,,Did Not Play,Did Not Play,Did Not Play,,,Did Not Play,Did Not Play,,,,Did Not Play,Did Not Play,Did Not Play,Did Not Play,https://www.basketball-reference.com/players/a/deckga01/gamelog/2022,deckga01,2022
0,1,1.0,2021-10-20,22-184,OKC,@,UTA,L (-21),1,30:07,2,10,0.2,1.0,6.0,0.16699999999999998,2,4,0.5,2.0,4.0,6,2,2.0,0.0,3.0,3,7,1.8,-21,https://www.basketball-reference.com/players/a/dortlu01/gamelog/2022,dortlu01,2022
0,1,1.0,2021-10-20,30-097,OKC,@,UTA,L (-21),1,20:19,2,9,0.222,0.0,0.0,,0,0,,4.0,5.0,9,1,0.0,1.0,1.0,1,4,2.8,-13,https://www.basketball-reference.com/players/a/favorde01/gamelog/2022,favorde01,2022
0,1,1.0,2021-10-20,19-010,OKC,@,UTA,L (-21),1,28:42,2,7,0.28600000000000003,0.0,0.0,,0,0,,2.0,8.0,10,3,0.0,0.0,1.0,2,4,4.0,-16,https://www.basketball-reference.com/players/a/giddejo01/gamelog/2022,giddejo01,2022
0,1,1.0,2021-10-20,23-100,OKC,@,UTA,L (-21),1,32:41,7,17,0.41200000000000003,1.0,7.0,0.14300000000000002,3,5,0.6,1.0,3.0,4,2,0.0,0.0,1.0,2,18,9.3,-21,https://www.basketball-reference.com/players/a/gilgesh01/gamelog/2022,gilgesh01,2022
0,1,,2021-10-20,24-104,OKC,@,UTA,L (-21),Did Not Play,Did Not Play,Did Not Play,Did Not Play,Did Not Play,,,,Did Not Play,Did Not Play,Did Not Play,,,Did Not Play,Did Not Play,,,,Did Not Play,Did Not Play,Did Not Play,Did Not Play,https://www.basketball-reference.com/players/a/jeromty01/gamelog/2022,jeromty01,2022
0,1,1.0,2021-10-20,21-123,OKC,@,UTA,L (-21),0,3:14,0,0,,0.0,0.0,,0,0,,0.0,1.0,1,0,0.0,0.0,0.0,0,0,0.3,3,https://www.basketball-reference.com/players/a/krejcvi01/gamelog/2022,krejcvi01,2022
0,1,1.0,2021-10-20,20-130,OKC,@,UTA,L (-21),0,21:10,1,6,0.16699999999999998,0.0,3.0,0.0,2,2,1.0,0.0,2.0,2,3,0.0,0.0,2.0,1,4,0.5,-3,https://www.basketball-reference.com/players/a/maledth01/gamelog/2022,maledth01,2022
0,1,1.0,2021-10-20,20-259,OKC,@,UTA,L (-21),0,14:55,4,7,0.5710000000000001,1.0,2.0,0.5,0,0,,0.0,0.0,0,1,1.0,1.0,1.0,0,9,7.1,-4,https://www.basketball-reference.com/players/a/manntr01/gamelog/2022,manntr01,2022
0,1,,2021-10-20,30-111,OKC,@,UTA,L (-21),Inactive,Inactive,Inactive,Inactive,Inactive,,,,Inactive,Inactive,Inactive,,,Inactive,Inactive,,,,Inactive,Inactive,Inactive,Inactive,https://www.basketball-reference.com/players/a/muscami01/gamelog/2022,muscami01,2022
0,1,1.0,2021-10-20,19-298,OKC,@,UTA,L (-21),0,14:56,0,2,0.0,0.0,2.0,0.0,0,2,0.0,1.0,2.0,3,3,1.0,0.0,2.0,1,0,-0.2,-2,https://www.basketball-reference.com/players/a/pokusal01/gamelog/2022,pokusal01,2022
0,1,1.0,2021-10-20,23-259,OKC,@,UTA,L (-21),0,14:23,4,8,0.5,0.0,3.0,0.0,0,0,,4.0,2.0,6,1,0.0,0.0,1.0,2,8,6.3,3,https://www.basketball-reference.com/players/a/robyis01/gamelog/2022,robyis01,2022
0,1,,2021-10-20,22-291,OKC,@,UTA,L (-21),Inactive,Inactive,Inactive,Inactive,Inactive,,,,Inactive,Inactive,Inactive,,,Inactive,Inactive,,,,Inactive,Inactive,Inactive,Inactive,https://www.basketball-reference.com/players/a/wiggiaa01/gamelog/2022,wiggiaa01,2022
0,1,1.0,2021-10-20,26-322,OKC,@,UTA,L (-21),0,15:52,3,5,0.6,1.0,2.0,0.5,0,0,,0.0,0.0,0,1,0.0,0.0,1.0,2,7,3.6,-1,https://www.basketball-reference.com/players/a/willike04/gamelog/2022,willike04,2022
0,1,1.0,2021-10-20,24-328,MIN,,HOU,W (+18),0,20:31,4,8,0.5,1.0,4.0,0.25,0,2,0.0,0.0,1.0,1,4,2.0,2.0,0.0,1,9,10.3,6,https://www.basketball-reference.com/players/a/beaslma01/gamelog/2022,beaslma01,2022
0,1,,2021-10-20,33-100,MIN,,HOU,W (+18),Did Not Play,Did Not Play,Did Not Play,Did Not Play,Did Not Play,,,,Did Not Play,Did Not Play,Did Not Play,,,Did Not Play,Did Not Play,,,,Did Not Play,Did Not Play,Did Not Play,Did Not Play,https://www.basketball-reference.com/players/a/beverpa01/gamelog/2022,beverpa01,2022
0,1,,2021-10-20,32-137,CLE,@,MEM,L (-11),Did Not Play,Did Not Play,Did Not Play,Did Not Play,Did Not Play,,,,Did Not Play,Did Not Play,Did Not Play,,,Did Not Play,Did Not Play,,,,Did Not Play,Did Not Play,Did Not Play,Did Not Play,https://www.basketball-reference.com/players/a/davised01/gamelog/2022,davised01,2022
0,1,1.0,2021-10-20,20-076,MIN,,HOU,W (+18),1,31:11,10,21,0.47600000000000003,6.0,12.0,0.5,3,4,0.75,2.0,4.0,6,3,1.0,0.0,4.0,2,29,18.8,26,https://www.basketball-reference.com/players/a/edwaran01/gamelog/2022,edwaran01,2022
0,1,,2021-10-20,24-030,MIN,,HOU,W (+18),Inactive,Inactive,Inactive,Inactive,Inactive,,,,Inactive,Inactive,Inactive,,,Inactive,Inactive,,,,Inactive,Inactive,Inactive,Inactive,https://www.basketball-reference.com/players/a/knighna01/gamelog/2022,knighna01,2022
0,1,1.0,2021-10-20,27-227,MIN,,HOU,W (+18),0,4:40,1,3,0.33299999999999996,0.0,1.0,0.0,0,0,,0.0,0.0,0,0,0.0,0.0,0.0,0,2,0.3,-11,https://www.basketball-reference.com/players/a/laymaja01/gamelog/2022,laymaja01,2022
0,1,1.0,2021-10-20,23-262,CHO,,IND,W (+1),0,10:54,0,1,0.0,0.0,1.0,0.0,1,2,0.5,0.0,0.0,0,1,1.0,0.0,0.0,1,1,1.2,-10,https://www.basketball-reference.com/players/a/mcdanja01/gamelog/2022,mcdanja01,2022
0,1,1.0,2021-10-20,25-194,MIN,,HOU,W (+18),0,18:39,1,3,0.33299999999999996,0.0,1.0,0.0,1,2,0.5,1.0,1.0,2,4,2.0,0.0,1.0,1,3,5.3,20,https://www.basketball-reference.com/players/a/mclaujo01/gamelog/2022,mclaujo01,2022
0,1,1.0,2021-10-20,22-103,MIN,,HOU,W (+18),0,5:33,1,3,0.33299999999999996,0.0,0.0,,0,0,,1.0,1.0,2,1,0.0,0.0,1.0,1,2,0.6,-13,https://www.basketball-reference.com/players/a/nowelja01/gamelog/2022,nowelja01,2022
0,1,1.0,2021-10-20,23-049,MIN,,HOU,W (+18),1,21:11,2,5,0.4,0.0,1.0,0.0,2,2,1.0,2.0,3.0,5,0,2.0,2.0,0.0,1,6,8.6,20,https://www.basketball-reference.com/players/a/okogijo01/gamelog/2022,okogijo01,2022
0,1,1.0,2021-10-20,22-055,MIN,,HOU,W (+18),0,18:37,2,5,0.4,0.0,2.0,0.0,1,2,0.5,2.0,5.0,7,1,1.0,3.0,2.0,3,5,5.4,-16,https://www.basketball-reference.com/players/a/reidna01/gamelog/2022,reidna01,2022
0,1,1.0,2021-10-20,25-239,MIN,,HOU,W (+18),1,24:41,6,16,0.375,4.0,8.0,0.5,6,8,0.75,0.0,3.0,3,7,1.0,1.0,3.0,3,22,15.7,9,https://www.basketball-reference.com/players/a/russeda01/gamelog/2022,russeda01,2022
0,1,1.0,2021-10-20,25-339,MIN,,HOU,W (+18),1,29:23,11,15,0.733,3.0,4.0,0.75,5,5,1.0,5.0,5.0,10,2,2.0,2.0,3.0,3,30,29.5,34,https://www.basketball-reference.com/players/a/townska01/gamelog/2022,townska01,2022
0,1,1.0,2021-10-20,22-200,MIN,,HOU,W (+18),0,15:07,0,0,,0.0,0.0,,2,2,1.0,0.0,3.0,3,1,2.0,0.0,0.0,3,2,4.4,4,https://www.basketball-reference.com/players/a/vandeja01/gamelog/2022,vandeja01,2022
0,1,1.0,2021-10-20,22-360,MIN,,HOU,W (+18),0,4:08,1,1,1.0,1.0,1.0,1.0,0,0,,0.0,0.0,0,0,0.0,0.0,1.0,0,3,1.7,-6,https://www.basketball-reference.com/players/a/wrighmc01/gamelog/2022,wrighmc01,2022
