Coach,Tm,annee
Mike Woodson,ATL,2006
Doc Rivers,BOS,2006
Bernie Bickerstaff,CHA,2006
Scott Skiles,CHI,2006
Mike Brown,CLE,2006
Avery Johnson,DAL,2006
George Karl,DEN,2006
Flip Saunders,DET,2006
Mike Montgomery,GSW,2006
Jeff Van Gundy,HOU,2006
Rick Carlisle,IND,2006
Mike Dunleavy,LAC,2006
Phil Jackson,LAL,2006
Mike Fratello,MEM,2006
Stan Van Gundy,MIA,2006
Pat Riley,MIA,2006
Terry Stotts,MIL,2006
Dwane Casey,MIN,2006
Lawrence Frank,NJN,2006
Byron Scott,NOK,2006
Larry Brown,NYK,2006
Brian Hill,ORL,2006
Maurice Cheeks,PHI,2006
Mike D'Antoni,PHO,2006
Nate McMillan,POR,2006
Rick Adelman,SAC,2006
Gregg Popovich,SAS,2006
Bob Weiss,SEA,2006
Bob Hill,SEA,2006
Sam Mitchell,TOR,2006
Jerry Sloan,UTA,2006
Eddie Jordan,WAS,2006
Mike Woodson,ATL,2007
Doc Rivers,BOS,2007
Bernie Bickerstaff,CHA,2007
Scott Skiles,CHI,2007
Mike Brown,CLE,2007
Avery Johnson,DAL,2007
George Karl,DEN,2007
Flip Saunders,DET,2007
Don Nelson,GSW,2007
Jeff Van Gundy,HOU,2007
Rick Carlisle,IND,2007
Mike Dunleavy,LAC,2007
Phil Jackson,LAL,2007
Mike Fratello,MEM,2007
Tony Barone,MEM,2007
Pat Riley,MIA,2007
Terry Stotts,MIL,2007
Larry Krystkowiak,MIL,2007
Dwane Casey,MIN,2007
Randy Wittman,MIN,2007
Lawrence Frank,NJN,2007
Byron Scott,NOK,2007
Isiah Thomas,NYK,2007
Brian Hill,ORL,2007
Maurice Cheeks,PHI,2007
Mike D'Antoni,PHO,2007
Nate McMillan,POR,2007
Eric Musselman,SAC,2007
Gregg Popovich,SAS,2007
Bob Hill,SEA,2007
Sam Mitchell,TOR,2007
Jerry Sloan,UTA,2007
Eddie Jordan,WAS,2007
Mike Woodson,ATL,2008
Doc Rivers,BOS,2008
Sam Vincent,CHA,2008
Scott Skiles,CHI,2008
Pete Myers,CHI,2008
Jim Boylan,CHI,2008
Mike Brown,CLE,2008
Avery Johnson,DAL,2008
George Karl,DEN,2008
Flip Saunders,DET,2008
Don Nelson,GSW,2008
Rick Adelman,HOU,2008
Jim O'Brien,IND,2008
Mike Dunleavy,LAC,2008
Phil Jackson,LAL,2008
Marc Iavaroni,MEM,2008
Pat Riley,MIA,2008
Larry Krystkowiak,MIL,2008
Randy Wittman,MIN,2008
Lawrence Frank,NJN,2008
Byron Scott,NOH,2008
Isiah Thomas,NYK,2008
Stan Van Gundy,ORL,2008
Maurice Cheeks,PHI,2008
Mike D'Antoni,PHO,2008
Nate McMillan,POR,2008
Reggie Theus,SAC,2008
Gregg Popovich,SAS,2008
P.J. Carlesimo,SEA,2008
Sam Mitchell,TOR,2008
Jerry Sloan,UTA,2008
Eddie Jordan,WAS,2008
Mike Woodson,ATL,2009
Doc Rivers,BOS,2009
Larry Brown,CHA,2009
Vinny Del Negro,CHI,2009
Mike Brown,CLE,2009
Rick Carlisle,DAL,2009
George Karl,DEN,2009
Michael Curry,DET,2009
Don Nelson,GSW,2009
Rick Adelman,HOU,2009
Jim O'Brien,IND,2009
Mike Dunleavy,LAC,2009
Phil Jackson,LAL,2009
Marc Iavaroni,MEM,2009
Johnny Davis,MEM,2009
Lionel Hollins,MEM,2009
Erik Spoelstra,MIA,2009
Scott Skiles,MIL,2009
Randy Wittman,MIN,2009
Kevin McHale,MIN,2009
Lawrence Frank,NJN,2009
Byron Scott,NOH,2009
Mike D'Antoni,NYK,2009
P.J. Carlesimo,OKC,2009
Scott Brooks,OKC,2009
Stan Van Gundy,ORL,2009
Maurice Cheeks,PHI,2009
Tony DiLeo,PHI,2009
Terry Porter,PHO,2009
Alvin Gentry,PHO,2009
Nate McMillan,POR,2009
Reggie Theus,SAC,2009
Kenny Natt,SAC,2009
Gregg Popovich,SAS,2009
Sam Mitchell,TOR,2009
Jay Triano,TOR,2009
Jerry Sloan,UTA,2009
Eddie Jordan,WAS,2009
Ed Tapscott,WAS,2009
Mike Woodson,ATL,2010
Doc Rivers,BOS,2010
Larry Brown,CHA,2010
Vinny Del Negro,CHI,2010
Mike Brown,CLE,2010
Rick Carlisle,DAL,2010
George Karl,DEN,2010
John Kuester,DET,2010
Don Nelson,GSW,2010
Rick Adelman,HOU,2010
Jim O'Brien,IND,2010
Mike Dunleavy,LAC,2010
Kim Hughes,LAC,2010
Phil Jackson,LAL,2010
Lionel Hollins,MEM,2010
Erik Spoelstra,MIA,2010
Scott Skiles,MIL,2010
Kurt Rambis,MIN,2010
Lawrence Frank,NJN,2010
Tom Barrise,NJN,2010
Kiki Vandeweghe,NJN,2010
Byron Scott,NOH,2010
Jeff Bower,NOH,2010
Mike D'Antoni,NYK,2010
Scott Brooks,OKC,2010
Stan Van Gundy,ORL,2010
Eddie Jordan,PHI,2010
Alvin Gentry,PHO,2010
Nate McMillan,POR,2010
Paul Westphal,SAC,2010
Gregg Popovich,SAS,2010
Jay Triano,TOR,2010
Jerry Sloan,UTA,2010
Flip Saunders,WAS,2010
Larry Drew,ATL,2011
Doc Rivers,BOS,2011
Larry Brown,CHA,2011
Paul Silas,CHA,2011
Tom Thibodeau,CHI,2011
Byron Scott,CLE,2011
Rick Carlisle,DAL,2011
George Karl,DEN,2011
John Kuester,DET,2011
Keith Smart,GSW,2011
Rick Adelman,HOU,2011
Jim O'Brien,IND,2011
Frank Vogel,IND,2011
Vinny Del Negro,LAC,2011
Phil Jackson,LAL,2011
Lionel Hollins,MEM,2011
Erik Spoelstra,MIA,2011
Scott Skiles,MIL,2011
Kurt Rambis,MIN,2011
Avery Johnson,NJN,2011
Monty Williams,NOH,2011
Mike D'Antoni,NYK,2011
Scott Brooks,OKC,2011
Stan Van Gundy,ORL,2011
Doug Collins,PHI,2011
Alvin Gentry,PHO,2011
Nate McMillan,POR,2011
Paul Westphal,SAC,2011
Gregg Popovich,SAS,2011
Jay Triano,TOR,2011
Jerry Sloan,UTA,2011
Tyrone Corbin,UTA,2011
Flip Saunders,WAS,2011
Larry Drew,ATL,2012
Doc Rivers,BOS,2012
Paul Silas,CHA,2012
Tom Thibodeau,CHI,2012
Byron Scott,CLE,2012
Rick Carlisle,DAL,2012
George Karl,DEN,2012
Lawrence Frank,DET,2012
Mark Jackson,GSW,2012
Kevin McHale,HOU,2012
Frank Vogel,IND,2012
Vinny Del Negro,LAC,2012
Mike Brown,LAL,2012
Lionel Hollins,MEM,2012
Erik Spoelstra,MIA,2012
Scott Skiles,MIL,2012
Rick Adelman,MIN,2012
Avery Johnson,NJN,2012
Monty Williams,NOH,2012
Mike D'Antoni,NYK,2012
Mike Woodson,NYK,2012
Scott Brooks,OKC,2012
Stan Van Gundy,ORL,2012
Doug Collins,PHI,2012
Alvin Gentry,PHO,2012
Nate McMillan,POR,2012
Kaleb Canales,POR,2012
Paul Westphal,SAC,2012
Keith Smart,SAC,2012
Gregg Popovich,SAS,2012
Dwane Casey,TOR,2012
Tyrone Corbin,UTA,2012
Flip Saunders,WAS,2012
Randy Wittman,WAS,2012
Larry Drew,ATL,2013
Doc Rivers,BOS,2013
Avery Johnson,BRK,2013
P.J. Carlesimo,BRK,2013
Mike Dunlap,CHA,2013
Tom Thibodeau,CHI,2013
Byron Scott,CLE,2013
Rick Carlisle,DAL,2013
George Karl,DEN,2013
Lawrence Frank,DET,2013
Mark Jackson,GSW,2013
Kevin McHale,HOU,2013
Frank Vogel,IND,2013
Vinny Del Negro,LAC,2013
Mike Brown,LAL,2013
Bernie Bickerstaff,LAL,2013
Mike D'Antoni,LAL,2013
Lionel Hollins,MEM,2013
Erik Spoelstra,MIA,2013
Scott Skiles,MIL,2013
Jim Boylan,MIL,2013
Rick Adelman,MIN,2013
Monty Williams,NOH,2013
Mike Woodson,NYK,2013
Scott Brooks,OKC,2013
Jacque Vaughn,ORL,2013
Doug Collins,PHI,2013
Alvin Gentry,PHO,2013
Lindsey Hunter,PHO,2013
Terry Stotts,POR,2013
Keith Smart,SAC,2013
Gregg Popovich,SAS,2013
Dwane Casey,TOR,2013
Tyrone Corbin,UTA,2013
Randy Wittman,WAS,2013
Mike Budenholzer,ATL,2014
Brad Stevens,BOS,2014
Jason Kidd,BRK,2014
Steve Clifford,CHA,2014
Tom Thibodeau,CHI,2014
Mike Brown,CLE,2014
Rick Carlisle,DAL,2014
Brian Shaw,DEN,2014
Maurice Cheeks,DET,2014
John Loyer,DET,2014
Mark Jackson,GSW,2014
Kevin McHale,HOU,2014
Frank Vogel,IND,2014
Doc Rivers,LAC,2014
Mike D'Antoni,LAL,2014
Dave Joerger,MEM,2014
Erik Spoelstra,MIA,2014
Larry Drew,MIL,2014
Rick Adelman,MIN,2014
Monty Williams,NOP,2014
Mike Woodson,NYK,2014
Scott Brooks,OKC,2014
Jacque Vaughn,ORL,2014
Brett Brown,PHI,2014
Jeff Hornacek,PHO,2014
Terry Stotts,POR,2014
Mike Malone,SAC,2014
Gregg Popovich,SAS,2014
Dwane Casey,TOR,2014
Tyrone Corbin,UTA,2014
Randy Wittman,WAS,2014
Mike Budenholzer,ATL,2015
Brad Stevens,BOS,2015
Lionel Hollins,BRK,2015
Tom Thibodeau,CHI,2015
Steve Clifford,CHO,2015
David Blatt,CLE,2015
Rick Carlisle,DAL,2015
Brian Shaw,DEN,2015
Melvin Hunt,DEN,2015
Stan Van Gundy,DET,2015
Steve Kerr,GSW,2015
Kevin McHale,HOU,2015
Frank Vogel,IND,2015
Doc Rivers,LAC,2015
Byron Scott,LAL,2015
Dave Joerger,MEM,2015
Erik Spoelstra,MIA,2015
Jason Kidd,MIL,2015
Flip Saunders,MIN,2015
Monty Williams,NOP,2015
Derek Fisher,NYK,2015
Scott Brooks,OKC,2015
Jacque Vaughn,ORL,2015
James Borrego,ORL,2015
Brett Brown,PHI,2015
Jeff Hornacek,PHO,2015
Terry Stotts,POR,2015
Mike Malone,SAC,2015
Tyrone Corbin,SAC,2015
George Karl,SAC,2015
Gregg Popovich,SAS,2015
Dwane Casey,TOR,2015
Quin Snyder,UTA,2015
Randy Wittman,WAS,2015
Mike Budenholzer,ATL,2016
Brad Stevens,BOS,2016
Lionel Hollins,BRK,2016
Tony Brown,BRK,2016
Fred Hoiberg,CHI,2016
Steve Clifford,CHO,2016
David Blatt,CLE,2016
Tyronn Lue,CLE,2016
Rick Carlisle,DAL,2016
Mike Malone,DEN,2016
Stan Van Gundy,DET,2016
Steve Kerr,GSW,2016
Kevin McHale,HOU,2016
J.B. Bickerstaff,HOU,2016
Frank Vogel,IND,2016
Doc Rivers,LAC,2016
Byron Scott,LAL,2016
Dave Joerger,MEM,2016
Erik Spoelstra,MIA,2016
Jason Kidd,MIL,2016
Sam Mitchell,MIN,2016
Alvin Gentry,NOP,2016
Derek Fisher,NYK,2016
Kurt Rambis,NYK,2016
Billy Donovan,OKC,2016
Scott Skiles,ORL,2016
Brett Brown,PHI,2016
Jeff Hornacek,PHO,2016
Earl Watson,PHO,2016
Terry Stotts,POR,2016
George Karl,SAC,2016
Gregg Popovich,SAS,2016
Dwane Casey,TOR,2016
Quin Snyder,UTA,2016
Randy Wittman,WAS,2016
Mike Budenholzer,ATL,2017
Brad Stevens,BOS,2017
Kenny Atkinson,BRK,2017
Fred Hoiberg,CHI,2017
Steve Clifford,CHO,2017
Tyronn Lue,CLE,2017
Rick Carlisle,DAL,2017
Mike Malone,DEN,2017
Stan Van Gundy,DET,2017
Steve Kerr,GSW,2017
Mike D'Antoni,HOU,2017
Nate McMillan,IND,2017
Doc Rivers,LAC,2017
Luke Walton,LAL,2017
David Fizdale,MEM,2017
Erik Spoelstra,MIA,2017
Jason Kidd,MIL,2017
Tom Thibodeau,MIN,2017
Alvin Gentry,NOP,2017
Jeff Hornacek,NYK,2017
Billy Donovan,OKC,2017
Frank Vogel,ORL,2017
Brett Brown,PHI,2017
Earl Watson,PHO,2017
Terry Stotts,POR,2017
Dave Joerger,SAC,2017
Gregg Popovich,SAS,2017
Dwane Casey,TOR,2017
Quin Snyder,UTA,2017
Scott Brooks,WAS,2017
Mike Budenholzer,ATL,2018
Brad Stevens,BOS,2018
Kenny Atkinson,BRK,2018
Fred Hoiberg,CHI,2018
Steve Clifford,CHO,2018
Tyronn Lue,CLE,2018
Rick Carlisle,DAL,2018
Mike Malone,DEN,2018
Stan Van Gundy,DET,2018
Steve Kerr,GSW,2018
Mike D'Antoni,HOU,2018
Nate McMillan,IND,2018
Doc Rivers,LAC,2018
Luke Walton,LAL,2018
David Fizdale,MEM,2018
J.B. Bickerstaff,MEM,2018
Erik Spoelstra,MIA,2018
Jason Kidd,MIL,2018
Joe Prunty,MIL,2018
Tom Thibodeau,MIN,2018
Alvin Gentry,NOP,2018
Jeff Hornacek,NYK,2018
Billy Donovan,OKC,2018
Frank Vogel,ORL,2018
Brett Brown,PHI,2018
Earl Watson,PHO,2018
Jay Triano,PHO,2018
Terry Stotts,POR,2018
Dave Joerger,SAC,2018
Gregg Popovich,SAS,2018
Dwane Casey,TOR,2018
Quin Snyder,UTA,2018
Scott Brooks,WAS,2018
Lloyd Pierce,ATL,2019
Brad Stevens,BOS,2019
Kenny Atkinson,BRK,2019
Fred Hoiberg,CHI,2019
Jim Boylen,CHI,2019
James Borrego,CHO,2019
Tyronn Lue,CLE,2019
Larry Drew,CLE,2019
Rick Carlisle,DAL,2019
Mike Malone,DEN,2019
Dwane Casey,DET,2019
Steve Kerr,GSW,2019
Mike D'Antoni,HOU,2019
Nate McMillan,IND,2019
Doc Rivers,LAC,2019
Luke Walton,LAL,2019
J.B. Bickerstaff,MEM,2019
Erik Spoelstra,MIA,2019
Mike Budenholzer,MIL,2019
Tom Thibodeau,MIN,2019
Ryan Saunders,MIN,2019
Alvin Gentry,NOP,2019
David Fizdale,NYK,2019
Billy Donovan,OKC,2019
Steve Clifford,ORL,2019
Brett Brown,PHI,2019
Igor Kokoskov,PHO,2019
Terry Stotts,POR,2019
Dave Joerger,SAC,2019
Gregg Popovich,SAS,2019
Nick Nurse,TOR,2019
Quin Snyder,UTA,2019
Scott Brooks,WAS,2019
Lloyd Pierce,ATL,2020
Brad Stevens,BOS,2020
Kenny Atkinson,BRK,2020
Jacque Vaughn,BRK,2020
Jim Boylen,CHI,2020
James Borrego,CHO,2020
John Beilein,CLE,2020
J.B. Bickerstaff,CLE,2020
Rick Carlisle,DAL,2020
Mike Malone,DEN,2020
Dwane Casey,DET,2020
Steve Kerr,GSW,2020
Mike D'Antoni,HOU,2020
Nate McMillan,IND,2020
Doc Rivers,LAC,2020
Frank Vogel,LAL,2020
Taylor Jenkins,MEM,2020
Erik Spoelstra,MIA,2020
Mike Budenholzer,MIL,2020
Ryan Saunders,MIN,2020
Alvin Gentry,NOP,2020
David Fizdale,NYK,2020
Mike Miller,NYK,2020
Billy Donovan,OKC,2020
Steve Clifford,ORL,2020
Brett Brown,PHI,2020
Monty Williams,PHO,2020
Terry Stotts,POR,2020
Luke Walton,SAC,2020
Gregg Popovich,SAS,2020
Nick Nurse,TOR,2020
Quin Snyder,UTA,2020
Scott Brooks,WAS,2020
Lloyd Pierce,ATL,2021
Brad Stevens,BOS,2021
Steve Nash,BRK,2021
Billy Donovan,CHI,2021
James Borrego,CHO,2021
J.B. Bickerstaff,CLE,2021
Rick Carlisle,DAL,2021
Mike Malone,DEN,2021
Dwane Casey,DET,2021
Steve Kerr,GSW,2021
Stephen Silas,HOU,2021
Nate Bjorkgren,IND,2021
Tyronn Lue,LAC,2021
Frank Vogel,LAL,2021
Taylor Jenkins,MEM,2021
Erik Spoelstra,MIA,2021
Mike Budenholzer,MIL,2021
Ryan Saunders,MIN,2021
Stan Van Gundy,NOP,2021
Tom Thibodeau,NYK,2021
Mark Daigneault,OKC,2021
Steve Clifford,ORL,2021
Doc Rivers,PHI,2021
Monty Williams,PHO,2021
Terry Stotts,POR,2021
Luke Walton,SAC,2021
Gregg Popovich,SAS,2021
Nick Nurse,TOR,2021
Quin Snyder,UTA,2021
Scott Brooks,WAS,2021
