first_name;last_name;full_name;code;position;lettre
Aaron;Gordon;Aaron Gordon;gordoaa;F;g
Aaron;Holiday;Aaron Holiday;holidaa;PG;h
Aaron;Nesmith;Aaron Nesmith;nesmiaa;F;n
Abdel;Nader;Abdel Nader;naderab;SF;n
Adam;Mokoka;Adam Mokoka;mokokad;SG;m
Al;Horford;Al Horford;horfoal;FC;h
Alec;Burks;Alec Burks;burksal;SG;b
Aleksej;Pokusevski;Aleksej Pokusevski;pokusal;C;p
Alen;Smailagic;Alen Smailagic;smailal;PF;s
Alex;Caruso;Alex Caruso;carusal;G;c
Alex;Len;Alex Len;lenal;C;l
Al-Farouq;Aminu;Al-Farouq Aminu;aminual;F;a
Alfonzo;McKinnie;Alfonzo McKinnie;mckinal;F;m
Amir;Coffey;Amir Coffey;coffeam;SF;c
Andre;Drummond;Andre Drummond;drumman;C;d
Andre;Iguodala;Andre Iguodala;iguodan;SF;i
Andrew;Wiggins;Andrew Wiggins;wiggian;F;w
Anfernee;Simons;Anfernee Simons;simonan;SG;s
Anthony;Davis;Anthony Davis;davisan;PF;d
Anthony;Edwards;Anthony Edwards;edwaran;SF;e
Anthony;Gill;Anthony Gill;gillan;PF;g
Anzejs;Pasecniks;Anzejs Pasecniks;pasecan;C;p
Aron;Baynes;Aron Baynes;baynear;C;b
Ashton;Hagans;Ashton Hagans;haganas;PG;h
Austin;Rivers;Austin Rivers;riverau;SG;r
Avery;Bradley;Avery Bradley;bradlav;PG;b
Bam;Adebayo;Bam Adebayo;adebaba;C;a
Ben;McLemore;Ben McLemore;mclembe;SG;m
Ben;Simmons;Ben Simmons;simmobe;PF;s
Bismack;Biyombo;Bismack Biyombo;biyombi;PF;b
Blake;Griffin;Blake Griffin;griffbl;PF;g
Boban;Marjanovic;Boban Marjanovic;marjabo;C;m
Bobby;Portis;Bobby Portis;portibo;PF;p
Bogdan;Bogdanovic;Bogdan Bogdanovic;bogdabo;SG;b
Bojan;Bogdanovic;Bojan Bogdanovic;bogdabo;F;b
Bol;Bol;Bol Bol;bolbo;C;b
Brad;Wanamaker;Brad Wanamaker;wanambr;SG;w
Bradley;Beal;Bradley Beal;bealbr;SG;b
Brandon;Clarke;Brandon Clarke;clarkbr;PF;c
Brandon;Goodwin;Brandon Goodwin;goodwbr;PG;g
Brandon;Ingram;Brandon Ingram;ingrabr;SF;i
Brian;Bowen;Brian Bowen;bowenbr;SF;b
Brodric;Thomas;Brodric Thomas;thomabr;G;t
Brook;Lopez;Brook Lopez;lopezbr;C;l
Bruce;Brown,;Bruce Brown,;brownbr;SG;b
Bruno;Fernando;Bruno Fernando;fernabr;C;f
Bryn;Forbes;Bryn Forbes;forbebr;G;f
Buddy;Hield;Buddy Hield;hieldbu;G;h
C.J.;Elleby;C.J. Elleby;ellebc.;SF;e
C.J.;McCollum;C.J. McCollum;mccolc.;G;m
Caleb;Martin;Caleb Martin;martica;F;m
Cam;Reddish;Cam Reddish;reddica;G;r
Cameron;Johnson;Cameron Johnson;johnsca;G;j
Cameron;Payne;Cameron Payne;payneca;G;p
Caris;LeVert;Caris LeVert;leverca;G;l
Carmelo;Anthony;Carmelo Anthony;anthoca;F;a
Carsen;Edwards;Carsen Edwards;edwarca;PG;e
Cassius;Stanley;Cassius Stanley;stanlca;G;s
Cassius;Winston;Cassius Winston;winstca;PG;w
Cedi;Osman;Cedi Osman;osmance;GF;o
Chandler;Hutchison;Chandler Hutchison;hutchch;SG;h
Chimezie;Metu;Chimezie Metu;metuch;PF;m
Chris;Boucher;Chris Boucher;bouchch;PF;b
Chris;Chiozza;Chris Chiozza;chiozch;PG;c
Chris;Clemons;Chris Clemons;clemoch;PG;c
Chris;Paul;Chris Paul;paulch;PG;p
Chris;Silva;Chris Silva;silvach;PF;s
Christian;Wood;Christian Wood;woodch;PF;w
Chuma;Okeke;Chuma Okeke;okekech;PF;o
Clint;Capela;Clint Capela;capelcl;PF;c
Coby;White;Coby White;whiteco;PG;w
Cody;Martin;Cody Martin;martico;F;m
Cody;Zeller;Cody Zeller;zelleco;F;z
Cole;Anthony;Cole Anthony;anthoco;PG;a
Collin;Sexton;Collin Sexton;sextoco;PG;s
Cory;Joseph;Cory Joseph;josepco;PG;j
Cristiano;Felicio;Cristiano Felicio;feliccr;C;f
D.J.;Augustin;D.J. Augustin;augusd.;G;a
D.J.;Wilson;D.J. Wilson;wilsod.;F;w
Dakota;Mathias;Dakota Mathias;mathida;SG;m
Damian;Jones;Damian Jones;jonesda;PF;j
Damian;Lillard;Damian Lillard;lillada;G;l
Damion;Lee;Damion Lee;leeda;G;l
Damyean;Dotson;Damyean Dotson;dotsoda;SG;d
D'Angelo;Russell;D'Angelo Russell;russed';SG;r
Daniel;Gafford;Daniel Gafford;gaffoda;C;g
Daniel;Oturu;Daniel Oturu;oturuda;FC;o
Daniel;Theis;Daniel Theis;theisda;C;t
Danilo;Gallinari;Danilo Gallinari;gallida;SF;g
Danny;Green;Danny Green;greenda;SF;g
Dante;Exum;Dante Exum;exumda;PG;e
Danuel;House;Danuel House;houseda;F;h
DaQuan;Jeffries;DaQuan Jeffries;jeffrda;SF;j
Dario;Saric;Dario Saric;saricda;SF;s
Darius;Bazley;Darius Bazley;bazleda;PF;b
Darius;Garland;Darius Garland;garlada;G;g
Darius;Miller;Darius Miller;milleda;GF;m
David;Nwaba;David Nwaba;nwabada;G;n
Davis;Bertans;Davis Bertans;bertada;SF;b
De'Aaron;Fox;De'Aaron Fox;foxde;PG;f
Dean;Wade;Dean Wade;wadede;PF;w
Deandre;Ayton;Deandre Ayton;aytonde;C;a
DeAndre';Bembry;DeAndre' Bembry;bembrde;GF;b
De'Andre;Hunter;De'Andre Hunter;huntede;PF;h
DeAndre;Jordan;DeAndre Jordan;jordade;C;j
De'Anthony;Melton;De'Anthony Melton;meltode;SG;m
Deividas;Sirvydis;Deividas Sirvydis;sirvyde;GF;s
Dejounte;Murray;Dejounte Murray;murrade;SG;m
Delon;Wright;Delon Wright;wrighde;G;w
DeMar;DeRozan;DeMar DeRozan;derozde;GF;d
DeMarcus;Cousins;DeMarcus Cousins;couside;C;c
Deni;Avdija;Deni Avdija;avdijde;SG;a
Dennis;Schroder;Dennis Schroder;schrode;PG;s
Dennis;Smith;Dennis Smith;smithde;PG;s
Denzel;Valentine;Denzel Valentine;valende;F;v
Derrick;Favors;Derrick Favors;favorde;FC;f
Derrick;Jones;Derrick Jones;jonesde;SF;j
Derrick;Rose;Derrick Rose;rosede;PG;r
Derrick;White;Derrick White;whitede;G;w
Desmond;Bane;Desmond Bane;banede;SG;b
Devin;Booker;Devin Booker;bookede;SG;b
Devin;Vassell;Devin Vassell;vassede;SG;v
Devon;Dotson;Devon Dotson;dotsode;PG;d
Devontae;Cacok;Devontae Cacok;cacokde;PF;c
Devonte';Graham;Devonte' Graham;grahade;PG;g
Dillon;Brooks;Dillon Brooks;brookdi;F;b
Domantas;Sabonis;Domantas Sabonis;sabondo;PF;s
Donovan;Mitchell;Donovan Mitchell;mitchdo;SG;m
Donte;DiVincenzo;Donte DiVincenzo;divindo;SG;d
Dorian;Finney-Smith;Dorian Finney-Smith;finnedo;SF;f
Doug;McDermott;Doug McDermott;mcderdo;F;m
Draymond;Green;Draymond Green;greendr;F;g
Drew;Eubanks;Drew Eubanks;eubandr;C;e
Duncan;Robinson;Duncan Robinson;robindu;F;r
Dwayne;Bacon;Dwayne Bacon;bacondw;SF;b
Dwight;Howard;Dwight Howard;howardw;C;h
Dwight;Powell;Dwight Powell;poweldw;PF;p
Dylan;Windler;Dylan Windler;windldy;SF;w
Ed;Davis;Ed Davis;davised;PF;d
Edmond;Sumner;Edmond Sumner;sumneed;G;s
Elfrid;Payton;Elfrid Payton;paytoel;G;p
Elijah;Hughes;Elijah Hughes;hugheel;SF;h
Enes;Kanter;Enes Kanter;kanteen;F;k
Eric;Bledsoe;Eric Bledsoe;bledser;PG;b
Eric;Gordon;Eric Gordon;gordoer;G;g
Eric;Paschall;Eric Paschall;pascher;F;p
E'Twaun;Moore;E'Twaun Moore;mooree';SG;m
Evan;Fournier;Evan Fournier;fournev;SG;f
Facundo;Campazzo;Facundo Campazzo;campafa;PG;c
Frank;Jackson;Frank Jackson;jacksfr;SG;j
Frank;Kaminsky;Frank Kaminsky;kaminfr;F;k
Frank;Ntilikina;Frank Ntilikina;ntilifr;PG;n
Fred;VanVleet;Fred VanVleet;vanvlfr;G;v
Furkan;Korkmaz;Furkan Korkmaz;korkmfu;SG;k
Gabe;Vincent;Gabe Vincent;vincega;G;v
Garrett;Temple;Garrett Temple;templga;G;t
Garrison;Mathews;Garrison Mathews;mathega;SG;m
Gary;Clark;Gary Clark;clarkga;SF;c
Gary;Harris;Gary Harris;harriga;SG;h
Gary;Trent,;Gary Trent,;trentga;SG;t
George;Hill;George Hill;hillge;G;h
Georges;Niang;Georges Niang;niangge;F;n
Giannis;Antetokounmpo;Giannis Antetokounmpo;antetgi;F;a
Glenn;Robinson;Glenn Robinson;robingl;SF;r
Goga;Bitadze;Goga Bitadze;bitadgo;C;b
Goran;Dragic;Goran Dragic;dragigo;G;d
Gordon;Hayward;Gordon Hayward;haywago;GF;h
Gorgui;Dieng;Gorgui Dieng;dienggo;FC;d
Grant;Riller;Grant Riller;rillegr;SG;r
Grant;Williams;Grant Williams;willigr;SF;w
Grayson;Allen;Grayson Allen;allengr;SG;a
Greg;Whittington;Greg Whittington;whittgr;PF;w
Hamidou;Diallo;Hamidou Diallo;diallha;SG;d
Harrison;Barnes;Harrison Barnes;barneha;SF;b
Harry;Giles;Harry Giles;gilesha;PF;g
Hassan;Whiteside;Hassan Whiteside;whiteha;C;w
Ignas;Brazdeikis;Ignas Brazdeikis;brazdig;SF;b
Immanuel;Quickley;Immanuel Quickley;quickim;PG;q
Isaac;Bonga;Isaac Bonga;bongais;SG;b
Isaac;Okoro;Isaac Okoro;okorois;SG;o
Isaiah;Hartenstein;Isaiah Hartenstein;harteis;PF;h
Isaiah;Joe;Isaiah Joe;joeis;SG;j
Isaiah;Roby;Isaiah Roby;robyis;SF;r
Isaiah;Stewart;Isaiah Stewart;stewais;C;s
Ish;Smith;Ish Smith;smithis;PG;s
Ivica;Zubac;Ivica Zubac;zubaciv;C;z
J.J.;Redick;J.J. Redick;redicj.;G;r
Ja;Morant;Ja Morant;moranja;G;m
Jabari;Parker;Jabari Parker;parkeja;F;p
Jaden;McDaniels;Jaden McDaniels;mcdanja;F;m
Jae;Crowder;Jae Crowder;crowdja;SF;c
Jae'sean;Tate;Jae'sean Tate;tateja;F;t
Jahlil;Okafor;Jahlil Okafor;okafoja;C;o
Jahmi'us;Ramsey;Jahmi'us Ramsey;ramseja;PG;r
JaKarr;Sampson;JaKarr Sampson;sampsja;F;s
Jake;Layman;Jake Layman;laymaja;SF;l
Jakob;Poeltl;Jakob Poeltl;poeltja;C;p
Jalen;Brunson;Jalen Brunson;brunsja;PG;b
Jalen;Harris;Jalen Harris;harrija;SG;h
Jalen;Lecque;Jalen Lecque;lecquja;SG;l
Jalen;McDaniels;Jalen McDaniels;mcdanja;PF;m
Jalen;Smith;Jalen Smith;smithja;C;s
Jamal;Murray;Jamal Murray;murraja;SG;m
James;Ennis;James Ennis;ennisja;GF;e
James;Harden;James Harden;hardeja;SG;h
James;Johnson;James Johnson;johnsja;F;j
James;Wiseman;James Wiseman;wisemja;C;w
JaMychal;Green;JaMychal Green;greenja;PF;g
Jared;Dudley;Jared Dudley;dudleja;PF;d
Jared;Harper;Jared Harper;harpeja;PG;h
Jaren;Jackson,;Jaren Jackson,;jacksja;PF;j
Jarred;Vanderbilt;Jarred Vanderbilt;vandeja;PF;v
Jarrell;Brantley;Jarrell Brantley;brantja;SF;b
Jarrett;Allen;Jarrett Allen;allenja;C;a
Jarrett;Culver;Jarrett Culver;culveja;SG;c
JaVale;McGee;JaVale McGee;mcgeeja;C;m
Javonte;Green;Javonte Green;greenja;G;g
Jaxson;Hayes;Jaxson Hayes;hayesja;PF;h
Jayden;Scrubb;Jayden Scrubb;scrubja;SG;s
Jaylen;Adams;Jaylen Adams;adamsja;PG;a
Jaylen;Brown;Jaylen Brown;brownja;SF;b
Jaylen;Nowell;Jaylen Nowell;nowelja;SG;n
Jayson;Tatum;Jayson Tatum;tatumja;SF;t
Jeff;Green;Jeff Green;greenje;F;g
Jeff;Teague;Jeff Teague;teaguje;PG;t
Jerami;Grant;Jerami Grant;grantje;F;g
Jeremy;Lamb;Jeremy Lamb;lambje;SG;l
Jerome;Robinson;Jerome Robinson;robinje;SG;r
Jevon;Carter;Jevon Carter;carteje;PG;c
Jimmy;Butler;Jimmy Butler;butleji;GF;b
Joe;Harris;Joe Harris;harrijo;SG;h
Joe;Ingles;Joe Ingles;inglejo;F;i
Joel;Embiid;Joel Embiid;embiijo;C;e
John;Collins;John Collins;collijo;PF;c
John;Konchar;John Konchar;konchjo;G;k
John;Wall;John Wall;walljo;PG;w
Jonas;Valanciunas;Jonas Valanciunas;valanjo;C;v
Jonathan;Isaac;Jonathan Isaac;isaacjo;SF;i
Jontay;Porter;Jontay Porter;portejo;PF;p
Jordan;Bone;Jordan Bone;bonejo;SG;b
Jordan;Clarkson;Jordan Clarkson;clarkjo;G;c
Jordan;McLaughlin;Jordan McLaughlin;mclaujo;G;m
Jordan;Nwora;Jordan Nwora;nworajo;F;n
Jordan;Poole;Jordan Poole;poolejo;SG;p
Josh;Green;Josh Green;greenjo;SG;g
Josh;Hall;Josh Hall;halljo;F;h
Josh;Hart;Josh Hart;hartjo;SG;h
Josh;Jackson;Josh Jackson;jacksjo;SF;j
Josh;Okogie;Josh Okogie;okogijo;SG;o
Josh;Richardson;Josh Richardson;richajo;G;r
Jrue;Holiday;Jrue Holiday;holidjr;G;h
Juan;Toscano-Anderson;Juan Toscano-Anderson;toscaju;F;t
Juancho;Hernangomez;Juancho Hernangomez;hernaju;F;h
Julius;Randle;Julius Randle;randlju;PF;r
Justin;Holiday;Justin Holiday;holidju;SF;h
Justin;Jackson;Justin Jackson;jacksju;F;j
Justin;James;Justin James;jamesju;SG;j
Justise;Winslow;Justise Winslow;winslju;SF;w
Jusuf;Nurkic;Jusuf Nurkic;nurkiju;FC;n
Juwan;Morgan;Juwan Morgan;morgaju;PF;m
K.J.;Martin;K.J. Martin;martik.;F;m
Karim;Mane;Karim Mane;maneka;PG;m
Karl-Anthony;Towns;Karl-Anthony Towns;townska;C;t
Kawhi;Leonard;Kawhi Leonard;leonaka;F;l
Keita;Bates-Diop;Keita Bates-Diop;bateske;SF;b
Kelan;Martin;Kelan Martin;martike;SF;m
Keldon;Johnson;Keldon Johnson;johnske;SF;j
Keljin;Blevins;Keljin Blevins;blevike;G;b
Kelly;Olynyk;Kelly Olynyk;olynyke;C;o
Kelly;Oubre,;Kelly Oubre,;oubreke;SF;o
Kemba;Walker;Kemba Walker;walkeke;G;w
Kendrick;Nunn;Kendrick Nunn;nunnke;SG;n
Kenrich;Williams;Kenrich Williams;willike;SF;w
Kent;Bazemore;Kent Bazemore;bazemke;GF;b
Kentavious;Caldwell-Pope;Kentavious Caldwell-Pope;caldwke;SG;c
Kevin;Durant;Kevin Durant;duranke;SF;d
Kevin;Huerter;Kevin Huerter;huertke;SF;h
Kevin;Knox;Kevin Knox;knoxke;SF;k
Kevin;Love;Kevin Love;loveke;FC;l
Kevin;Porter,;Kevin Porter,;porteke;SF;p
Kevon;Looney;Kevon Looney;looneke;PF;l
Khem;Birch;Khem Birch;birchkh;PF;b
Khris;Middleton;Khris Middleton;middlkh;SF;m
Killian;Hayes;Killian Hayes;hayeski;G;h
Killian;Tillie;Killian Tillie;tilliki;C;t
Kira;Lewis,;Kira Lewis,;lewiski;PG;l
Klay;Thompson;Klay Thompson;thompkl;G;t
Kostas;Antetokounmpo;Kostas Antetokounmpo;antetko;PF;a
Kris;Dunn;Kris Dunn;dunnkr;SG;d
Kristaps;Porzingis;Kristaps Porzingis;porzikr;FC;p
Kyle;Anderson;Kyle Anderson;anderky;PF;a
Kyle;Guy;Kyle Guy;guyky;SG;g
Kyle;Kuzma;Kyle Kuzma;kuzmaky;F;k
Kyle;Lowry;Kyle Lowry;lowryky;PG;l
Kyrie;Irving;Kyrie Irving;irvinky;G;i
KZ;Okpala;KZ Okpala;okpalkz;SG;o
Lamar;Stevens;Lamar Stevens;stevela;SF;s
LaMarcus;Aldridge;LaMarcus Aldridge;aldrila;FC;a
LaMelo;Ball;LaMelo Ball;ballla;G;b
Landry;Shamet;Landry Shamet;shamela;PG;s
Langston;Galloway;Langston Galloway;gallola;G;g
Larry;Nance,;Larry Nance,;nancela;SF;n
Lauri;Markkanen;Lauri Markkanen;markkla;SF;m
LeBron;James;LeBron James;jamesle;F;j
Lonnie;Walker;Lonnie Walker;walkelo;SG;w
Lonzo;Ball;Lonzo Ball;balllo;PG;b
Lou;Williams;Lou Williams;willilo;G;w
Luguentz;Dort;Luguentz Dort;dortlu;PG;d
Luka;Doncic;Luka Doncic;doncilu;SF;d
Luka;Samanic;Luka Samanic;samanlu;PF;s
Luke;Kennard;Luke Kennard;kennalu;SG;k
Luke;Kornet;Luke Kornet;kornelu;F;k
Malachi;Flynn;Malachi Flynn;flynnma;PG;f
Malcolm;Brogdon;Malcolm Brogdon;brogdma;SG;b
Malik;Beasley;Malik Beasley;beaslma;SG;b
Malik;Monk;Malik Monk;monkma;SG;m
Mamadi;Diakite;Mamadi Diakite;diakima;PF;d
Marc;Gasol;Marc Gasol;gasolma;C;g
Marcus;Morris;Marcus Morris;morrima;F;m
Marcus;Smart;Marcus Smart;smartma;PG;s
Markelle;Fultz;Markelle Fultz;fultzma;PG;f
Markieff;Morris;Markieff Morris;morrima;PF;m
Markus;Howard;Markus Howard;howarma;SG;h
Marques;Bolden;Marques Bolden;boldema;C;b
Marquese;Chriss;Marquese Chriss;chrisma;PF;c
Marvin;Bagley;Marvin Bagley;baglema;PF;b
Mason;Jones;Mason Jones;jonesma;G;j
Mason;Plumlee;Mason Plumlee;plumlma;PF;p
Matisse;Thybulle;Matisse Thybulle;thybuma;SF;t
Matt;Dellavedova;Matt Dellavedova;dellama;G;d
Matt;Thomas;Matt Thomas;thomama;G;t
Maurice;Harkless;Maurice Harkless;harklma;F;h
Max;Strus;Max Strus;strusma;G;s
Maxi;Kleber;Maxi Kleber;klebema;PF;k
Meyers;Leonard;Meyers Leonard;leoname;C;l
Mfiondu;Kabengele;Mfiondu Kabengele;kabenmf;SF;k
Michael;Carter-Williams;Michael Carter-Williams;cartemi;PG;c
Michael;Porter,;Michael Porter,;portemi;PF;p
Mikal;Bridges;Mikal Bridges;bridgmi;SG;b
Mike;Conley;Mike Conley;conlemi;PG;c
Mike;Muscala;Mike Muscala;muscami;FC;m
Mike;Scott;Mike Scott;scottmi;PF;s
Miles;Bridges;Miles Bridges;bridgmi;SF;b
Mitchell;Robinson;Mitchell Robinson;robinmi;C;r
Miye;Oni;Miye Oni;onimi;SF;o
Moe;Wagner;Moe Wagner;wagnemo;PF;w
Mohamed;Bamba;Mohamed Bamba;bambamo;C;b
Monte;Morris;Monte Morris;morrimo;G;m
Montrezl;Harrell;Montrezl Harrell;harremo;F;h
Moses;Brown;Moses Brown;brownmo;C;b
Mychal;Mulder;Mychal Mulder;muldemy;GF;m
Myles;Turner;Myles Turner;turnemy;FC;t
Naji;Marshall;Naji Marshall;marshna;SF;m
Nassir;Little;Nassir Little;littlna;SF;l
Nate;Darling;Nate Darling;darlina;SG;d
Nate;Hinton;Nate Hinton;hintona;SF;h
Nathan;Knight;Nathan Knight;knighna;PF;k
Naz;Reid;Naz Reid;reidna;C;r
Nemanja;Bjelica;Nemanja Bjelica;bjeline;PF;b
Nerlens;Noel;Nerlens Noel;noelne;FC;n
Nick;Richards;Nick Richards;richani;C;r
Nickeil;Alexander-Walker;Nickeil Alexander-Walker;alexani;SG;a
Nico;Mannion;Nico Mannion;mannini;PG;m
Nicolas;Batum;Nicolas Batum;batumni;F;b
Nicolas;Claxton;Nicolas Claxton;claxtni;C;c
Nicolo;Melli;Nicolo Melli;mellini;PF;m
Nikola;Jokic;Nikola Jokic;jokicni;C;j
Nikola;Vucevic;Nikola Vucevic;vucevni;PF;v
Norman;Powell;Norman Powell;powelno;SG;p
Obi;Toppin;Obi Toppin;toppiob;F;t
Ogugua;Anunoby;Ogugua Anunoby;anunoog;SF;a
Onyeka;Okongwu;Onyeka Okongwu;okongon;PF;o
Otto;Porter;Otto Porter;porteot;SF;p
P.J.;Dozier;P.J. Dozier;doziep.;PG;d
P.J.;Tucker;P.J. Tucker;tuckep.;SF;t
P.J.;Washington;P.J. Washington;waship.;PF;w
Pascal;Siakam;Pascal Siakam;siakapa;F;s
Pat;Connaughton;Pat Connaughton;connapa;SF;c
Patrick;Beverley;Patrick Beverley;beverpa;PG;b
Patrick;McCaw;Patrick McCaw;mccawpa;G;m
Patrick;Patterson;Patrick Patterson;pattepa;F;p
Patrick;Williams;Patrick Williams;willipa;G;w
Patty;Mills;Patty Mills;millspa;G;m
Paul;George;Paul George;georgpa;GF;g
Paul;Millsap;Paul Millsap;millspa;FC;m
Paul;Reed,;Paul Reed,;reed,pa;F;r
Paul;Watson;Paul Watson;watsopa;GF;w
Payton;Pritchard;Payton Pritchard;pritcpa;PG;p
Precious;Achiuwa;Precious Achiuwa;achiupr;SF;a
Quinn;Cook;Quinn Cook;cookqu;PG;c
Quinndary;Weatherspoon;Quinndary Weatherspoon;weathqu;SG;w
R.J.;Barrett;R.J. Barrett;barrer.;SG;b
R.J.;Hampton;R.J. Hampton;hamptr.;G;h
Rajon;Rondo;Rajon Rondo;rondora;PG;r
Raulzinho;Neto;Raulzinho Neto;netora;PG;n
Reggie;Bullock;Reggie Bullock;bullore;SG;b
Reggie;Jackson;Reggie Jackson;jacksre;G;j
Reggie;Perry;Reggie Perry;perryre;F;p
Richaun;Holmes;Richaun Holmes;holmeri;F;h
Ricky;Rubio;Ricky Rubio;rubiori;G;r
Robert;Covington;Robert Covington;covinro;F;c
Robert;Williams;Robert Williams;williro;PF;w
Robert;Woodard;Robert Woodard;woodaro;G;w
Robin;Lopez;Robin Lopez;lopezro;FC;l
Rodions;Kurucs;Rodions Kurucs;kurucro;SF;k
Rodney;Hood;Rodney Hood;hoodro;F;h
Rodney;McGruder;Rodney McGruder;mcgruro;SG;m
Romeo;Langford;Romeo Langford;langfro;SG;l
Royce;O'Neale;Royce O'Neale;o'nearo;SF;o
Rudy;Gay;Rudy Gay;gayru;SF;g
Rudy;Gobert;Rudy Gobert;goberru;C;g
Rui;Hachimura;Rui Hachimura;hachiru;F;h
Russell;Westbrook;Russell Westbrook;westbru;G;w
Ryan;Arcidiacono;Ryan Arcidiacono;arcidry;G;a
Saben;Lee;Saben Lee;leesa;PG;l
Saddiq;Bey;Saddiq Bey;beysa;F;b
Sam;Merrill;Sam Merrill;merrisa;G;m
Sean;McDermott;Sean McDermott;mcderse;SG;m
Sekou;Doumbouya;Sekou Doumbouya;doumbse;F;d
Semi;Ojeleye;Semi Ojeleye;ojelese;SF;o
Serge;Ibaka;Serge Ibaka;ibakase;C;i
Seth;Curry;Seth Curry;curryse;G;c
Shai;Gilgeous-Alexander;Shai Gilgeous-Alexander;gilgesh;PG;g
Shake;Milton;Shake Milton;miltosh;SG;m
Shaquille;Harrison;Shaquille Harrison;harrish;G;h
Sindarius;Thornwell;Sindarius Thornwell;thornsi;SG;t
Skylar;Mays;Skylar Mays;mayssk;PG;m
Solomon;Hill;Solomon Hill;hillso;SF;h
Spencer;Dinwiddie;Spencer Dinwiddie;dinwisp;PG;d
Stanley;Johnson;Stanley Johnson;johnsst;G;j
Stephen;Curry;Stephen Curry;curryst;G;c
Sterling;Brown;Sterling Brown;brownst;G;b
Steven;Adams;Steven Adams;adamsst;C;a
Svi;Mykhailiuk;Svi Mykhailiuk;mykhasv;SF;m
T.J.;McConnell;T.J. McConnell;mccont.;G;m
T.J.;Warren;T.J. Warren;warret.;F;w
Tacko;Fall;Tacko Fall;fallta;C;f
Taj;Gibson;Taj Gibson;gibsota;F;g
Talen;Horton-Tucker;Talen Horton-Tucker;hortota;SF;h
Taurean;Prince;Taurean Prince;princta;F;p
Terance;Mann;Terance Mann;mannte;SG;m
Terence;Davis;Terence Davis;daviste;SF;d
Terrance;Ferguson;Terrance Ferguson;fergute;SG;f
Terrence;Ross;Terrence Ross;rosste;SF;r
Terry;Rozier;Terry Rozier;roziete;G;r
Thaddeus;Young;Thaddeus Young;youngth;F;y
Thanasis;Antetokounmpo;Thanasis Antetokounmpo;antetth;SF;a
Theo;Maledon;Theo Maledon;maledth;PG;m
Theo;Pinson;Theo Pinson;pinsoth;SG;p
Thomas;Bryant;Thomas Bryant;bryanth;C;b
Tim;Hardaway;Tim Hardaway;hardati;SG;h
Timothe;Luwawu-Cabarrot;Timothe Luwawu-Cabarrot;luwawti;F;l
Tobias;Harris;Tobias Harris;harrito;F;h
Tomas;Satoransky;Tomas Satoransky;satorto;PG;s
Tony;Bradley;Tony Bradley;bradlto;C;b
Tony;Snell;Tony Snell;snellto;G;s
Torrey;Craig;Torrey Craig;craigto;GF;c
Trae;Young;Trae Young;youngtr;PG;y
Tre;Jones;Tre Jones;jonestr;PG;j
Tremont;Waters;Tremont Waters;watertr;PG;w
Trent;Forrest;Trent Forrest;forretr;SG;f
Trevor;Ariza;Trevor Ariza;arizatr;SF;a
Trey;Burke;Trey Burke;burketr;G;b
Trey;Lyles;Trey Lyles;lylestr;SF;l
Tristan;Thompson;Tristan Thompson;thomptr;F;t
Troy;Brown,;Troy Brown,;browntr;SF;b
Ty;Jerome;Ty Jerome;jeromty;PG;j
Tyler;Bey;Tyler Bey;beyty;PF;b
Tyler;Herro;Tyler Herro;herroty;SG;h
Tyler;Johnson;Tyler Johnson;johnsty;G;j
Tyrell;Terry;Tyrell Terry;terryty;PG;t
Tyrese;Haliburton;Tyrese Haliburton;halibty;PG;h
Tyrese;Maxey;Tyrese Maxey;maxeyty;PG;m
Ty-Shon;Alexander;Ty-Shon Alexander;alexaty;SG;a
Tyus;Jones;Tyus Jones;jonesty;PG;j
Udoka;Azubuike;Udoka Azubuike;azubuud;C;a
Udonis;Haslem;Udonis Haslem;hasleud;FC;h
Vernon;Carey,;Vernon Carey,;careyve;PF;c
Victor;Oladipo;Victor Oladipo;oladivi;G;o
Vincent;Poirier;Vincent Poirier;poirivi;C;p
Vlatko;Cancar;Vlatko Cancar;cancavl;SF;c
Wayne;Ellington;Wayne Ellington;ellinwa;SG;e
Wendell;Carter,;Wendell Carter,;cartewe;PF;c
Wenyen;Gabriel;Wenyen Gabriel;gabriwe;PF;g
Wesley;Iwundu;Wesley Iwundu;iwundwe;F;i
Wesley;Matthews;Wesley Matthews;matthwe;G;m
Will;Barton;Will Barton;bartowi;GF;b
Will;Magnay;Will Magnay;magnawi;C;m
Willie;Cauley-Stein;Willie Cauley-Stein;caulewi;C;c
Willy;Hernangomez;Willy Hernangomez;hernawi;C;h
Xavier;Tillman,;Xavier Tillman,;tillmxa;PF;t
Yuta;Watanabe;Yuta Watanabe;watanyu;F;w
Zach;Collins;Zach Collins;colliza;C;c
Zach;LaVine;Zach LaVine;lavinza;SG;l
Zeke;Nnaji;Zeke Nnaji;nnajize;PF;n
Zion;Williamson;Zion Williamson;willizi;PF;w
